num.gene,km.pvalue,core.gene
1 gene,0.0111728658684831,RP11-483E7.1
1 gene,0.0626977811885699,DSG1
1 gene,0.2562450464084,NLRX1
1 gene,0.516995423705324,RP11-203J24.8
1 gene,0.993292645027604,AC131097.4
1 gene,0.623543201061854,CTB-32O4.2
1 gene,0.994647708047901,GTSE1
1 gene,0.984025001768244,NAV2
1 gene,0.699781789597911,RP11-46H11.12
1 gene,0.22328993817724,GS1-115G20.1
2 genes,0.0479883851917714,RP11-483E7.1 | DSG1
2 genes,0.0482580605639255,RP11-483E7.1 | NLRX1
2 genes,0.230245659677537,RP11-483E7.1 | RP11-203J24.8
2 genes,0.172434581481896,RP11-483E7.1 | AC131097.4
2 genes,0.034255515743878,RP11-483E7.1 | CTB-32O4.2
2 genes,0.212484226245819,RP11-483E7.1 | GTSE1
2 genes,0.554563689361004,RP11-483E7.1 | NAV2
2 genes,0.282256403527214,RP11-483E7.1 | RP11-46H11.12
2 genes,0.158327796519569,RP11-483E7.1 | GS1-115G20.1
2 genes,0.319213952194788,DSG1 | NLRX1
2 genes,0.989155236746553,DSG1 | RP11-203J24.8
2 genes,0.0212156758764663,DSG1 | AC131097.4
2 genes,0.00454981467883364,DSG1 | CTB-32O4.2
2 genes,0.125157113614052,DSG1 | GTSE1
2 genes,0.306538300228842,DSG1 | NAV2
2 genes,0.0992584741530379,DSG1 | RP11-46H11.12
2 genes,0.0683073165009053,DSG1 | GS1-115G20.1
2 genes,0.535004064452238,NLRX1 | RP11-203J24.8
2 genes,0.0451284110820842,NLRX1 | AC131097.4
2 genes,0.181276715241804,NLRX1 | CTB-32O4.2
2 genes,0.134159399254496,NLRX1 | GTSE1
2 genes,0.236947493397774,NLRX1 | NAV2
2 genes,0.3536527794172,NLRX1 | RP11-46H11.12
2 genes,0.0233178109273778,NLRX1 | GS1-115G20.1
2 genes,0.0928703700824878,RP11-203J24.8 | AC131097.4
2 genes,0.244539732952426,RP11-203J24.8 | CTB-32O4.2
2 genes,0.197863011702509,RP11-203J24.8 | GTSE1
2 genes,0.330040656253728,RP11-203J24.8 | NAV2
2 genes,0.0724872827346467,RP11-203J24.8 | RP11-46H11.12
2 genes,0.447115078608426,RP11-203J24.8 | GS1-115G20.1
2 genes,0.137756104374305,AC131097.4 | CTB-32O4.2
2 genes,0.197945021570764,AC131097.4 | GTSE1
2 genes,0.40765796858299,AC131097.4 | NAV2
2 genes,0.215238178708083,AC131097.4 | RP11-46H11.12
2 genes,0.179452361310964,AC131097.4 | GS1-115G20.1
2 genes,0.0929345342599812,CTB-32O4.2 | GTSE1
2 genes,0.0454131858649105,CTB-32O4.2 | NAV2
2 genes,0.199246343041208,CTB-32O4.2 | RP11-46H11.12
2 genes,0.0433445752587149,CTB-32O4.2 | GS1-115G20.1
2 genes,0.0262844678513384,GTSE1 | NAV2
2 genes,0.110228319888638,GTSE1 | RP11-46H11.12
2 genes,0.679716478872998,GTSE1 | GS1-115G20.1
2 genes,0.358312592785467,NAV2 | RP11-46H11.12
2 genes,0.669640057104468,NAV2 | GS1-115G20.1
2 genes,0.0930235001199958,RP11-46H11.12 | GS1-115G20.1
3 genes,0.0262936137650523,RP11-483E7.1 | DSG1 | NLRX1
3 genes,0.31931618678591,RP11-483E7.1 | DSG1 | RP11-203J24.8
3 genes,0.015609479472482,RP11-483E7.1 | DSG1 | AC131097.4
3 genes,0.00486835779224015,RP11-483E7.1 | DSG1 | CTB-32O4.2
3 genes,0.208919081179986,RP11-483E7.1 | DSG1 | GTSE1
3 genes,0.13989297623223,RP11-483E7.1 | DSG1 | NAV2
3 genes,0.0703196415019677,RP11-483E7.1 | DSG1 | RP11-46H11.12
3 genes,0.084569047298681,RP11-483E7.1 | DSG1 | GS1-115G20.1
3 genes,0.0908257309915117,RP11-483E7.1 | NLRX1 | RP11-203J24.8
3 genes,0.027363003119461,RP11-483E7.1 | NLRX1 | AC131097.4
3 genes,0.0314654255028267,RP11-483E7.1 | NLRX1 | CTB-32O4.2
3 genes,0.125815137888374,RP11-483E7.1 | NLRX1 | GTSE1
3 genes,0.244050209895872,RP11-483E7.1 | NLRX1 | NAV2
3 genes,0.180225093482771,RP11-483E7.1 | NLRX1 | RP11-46H11.12
3 genes,0.11760213827653,RP11-483E7.1 | NLRX1 | GS1-115G20.1
3 genes,0.022433133135526,RP11-483E7.1 | RP11-203J24.8 | AC131097.4
3 genes,0.00708112865850052,RP11-483E7.1 | RP11-203J24.8 | CTB-32O4.2
3 genes,0.00288551040398832,RP11-483E7.1 | RP11-203J24.8 | GTSE1
3 genes,0.0607400256278864,RP11-483E7.1 | RP11-203J24.8 | NAV2
3 genes,0.00929862486242561,RP11-483E7.1 | RP11-203J24.8 | RP11-46H11.12
3 genes,0.298269040324299,RP11-483E7.1 | RP11-203J24.8 | GS1-115G20.1
3 genes,0.00668446893847285,RP11-483E7.1 | AC131097.4 | CTB-32O4.2
3 genes,0.0469509331067981,RP11-483E7.1 | AC131097.4 | GTSE1
3 genes,0.165912291317546,RP11-483E7.1 | AC131097.4 | NAV2
3 genes,0.0975131952915621,RP11-483E7.1 | AC131097.4 | RP11-46H11.12
3 genes,0.106583405831173,RP11-483E7.1 | AC131097.4 | GS1-115G20.1
3 genes,0.00759162710810546,RP11-483E7.1 | CTB-32O4.2 | GTSE1
3 genes,0.00117470624315574,RP11-483E7.1 | CTB-32O4.2 | NAV2
3 genes,0.010961028565867,RP11-483E7.1 | CTB-32O4.2 | RP11-46H11.12
3 genes,0.00365684510933995,RP11-483E7.1 | CTB-32O4.2 | GS1-115G20.1
3 genes,0.010012265483573,RP11-483E7.1 | GTSE1 | NAV2
3 genes,0.0766151519959776,RP11-483E7.1 | GTSE1 | RP11-46H11.12
3 genes,0.124234012277716,RP11-483E7.1 | GTSE1 | GS1-115G20.1
3 genes,0.21319030729802,RP11-483E7.1 | NAV2 | RP11-46H11.12
3 genes,0.205956160830889,RP11-483E7.1 | NAV2 | GS1-115G20.1
3 genes,0.103950383251634,RP11-483E7.1 | RP11-46H11.12 | GS1-115G20.1
3 genes,0.678114515061077,DSG1 | NLRX1 | RP11-203J24.8
3 genes,0.00399140607518589,DSG1 | NLRX1 | AC131097.4
3 genes,0.10942436037233,DSG1 | NLRX1 | CTB-32O4.2
3 genes,0.0435443914644525,DSG1 | NLRX1 | GTSE1
3 genes,0.313054296663918,DSG1 | NLRX1 | NAV2
3 genes,0.358378562277424,DSG1 | NLRX1 | RP11-46H11.12
3 genes,0.0265075634500922,DSG1 | NLRX1 | GS1-115G20.1
3 genes,0.241494569132607,DSG1 | RP11-203J24.8 | AC131097.4
3 genes,0.189090238501108,DSG1 | RP11-203J24.8 | CTB-32O4.2
3 genes,0.267093438575705,DSG1 | RP11-203J24.8 | GTSE1
3 genes,0.206649168796753,DSG1 | RP11-203J24.8 | NAV2
3 genes,0.0691991316162638,DSG1 | RP11-203J24.8 | RP11-46H11.12
3 genes,0.43665611657795,DSG1 | RP11-203J24.8 | GS1-115G20.1
3 genes,0.0576574356000773,DSG1 | AC131097.4 | CTB-32O4.2
3 genes,0.167855053505204,DSG1 | AC131097.4 | GTSE1
3 genes,0.191224113873432,DSG1 | AC131097.4 | NAV2
3 genes,0.059680249812002,DSG1 | AC131097.4 | RP11-46H11.12
3 genes,0.0504406188379981,DSG1 | AC131097.4 | GS1-115G20.1
3 genes,0.438546333662659,DSG1 | CTB-32O4.2 | GTSE1
3 genes,0.0180542418678128,DSG1 | CTB-32O4.2 | NAV2
3 genes,0.00375294239089896,DSG1 | CTB-32O4.2 | RP11-46H11.12
3 genes,0.0381236411836787,DSG1 | CTB-32O4.2 | GS1-115G20.1
3 genes,0.16454875827405,DSG1 | GTSE1 | NAV2
3 genes,0.301984564492708,DSG1 | GTSE1 | RP11-46H11.12
3 genes,0.281335159186589,DSG1 | GTSE1 | GS1-115G20.1
3 genes,0.194163120294798,DSG1 | NAV2 | RP11-46H11.12
3 genes,0.471297929466513,DSG1 | NAV2 | GS1-115G20.1
3 genes,0.107999138048829,DSG1 | RP11-46H11.12 | GS1-115G20.1
3 genes,0.013167025732322,NLRX1 | RP11-203J24.8 | AC131097.4
3 genes,0.133567310633837,NLRX1 | RP11-203J24.8 | CTB-32O4.2
3 genes,0.118499200800458,NLRX1 | RP11-203J24.8 | GTSE1
3 genes,0.129692738832157,NLRX1 | RP11-203J24.8 | NAV2
3 genes,0.0238467322585074,NLRX1 | RP11-203J24.8 | RP11-46H11.12
3 genes,0.276291724402043,NLRX1 | RP11-203J24.8 | GS1-115G20.1
3 genes,0.0189692348406234,NLRX1 | AC131097.4 | CTB-32O4.2
3 genes,0.0338415341098742,NLRX1 | AC131097.4 | GTSE1
3 genes,0.0898105057231608,NLRX1 | AC131097.4 | NAV2
3 genes,0.0383818792610074,NLRX1 | AC131097.4 | RP11-46H11.12
3 genes,0.019992625955298,NLRX1 | AC131097.4 | GS1-115G20.1
3 genes,0.0327076687408575,NLRX1 | CTB-32O4.2 | GTSE1
3 genes,0.00111880128283759,NLRX1 | CTB-32O4.2 | NAV2
3 genes,0.0674978348132735,NLRX1 | CTB-32O4.2 | RP11-46H11.12
3 genes,0.0836196247069986,NLRX1 | CTB-32O4.2 | GS1-115G20.1
3 genes,0.0125900047148813,NLRX1 | GTSE1 | NAV2
3 genes,0.234410070479381,NLRX1 | GTSE1 | RP11-46H11.12
3 genes,0.0529925972618339,NLRX1 | GTSE1 | GS1-115G20.1
3 genes,0.111660870578121,NLRX1 | NAV2 | RP11-46H11.12
3 genes,0.0425018989394671,NLRX1 | NAV2 | GS1-115G20.1
3 genes,0.0630495784723216,NLRX1 | RP11-46H11.12 | GS1-115G20.1
3 genes,0.0308748226241997,RP11-203J24.8 | AC131097.4 | CTB-32O4.2
3 genes,0.0591914675884382,RP11-203J24.8 | AC131097.4 | GTSE1
3 genes,0.276501796447087,RP11-203J24.8 | AC131097.4 | NAV2
3 genes,0.0163534644062855,RP11-203J24.8 | AC131097.4 | RP11-46H11.12
3 genes,0.156172126595506,RP11-203J24.8 | AC131097.4 | GS1-115G20.1
3 genes,0.221008339432453,RP11-203J24.8 | CTB-32O4.2 | GTSE1
3 genes,0.00606971954684488,RP11-203J24.8 | CTB-32O4.2 | NAV2
3 genes,0.0185348497341533,RP11-203J24.8 | CTB-32O4.2 | RP11-46H11.12
3 genes,0.31403029721941,RP11-203J24.8 | CTB-32O4.2 | GS1-115G20.1
3 genes,0.00632180471945321,RP11-203J24.8 | GTSE1 | NAV2
3 genes,0.0393339644063384,RP11-203J24.8 | GTSE1 | RP11-46H11.12
3 genes,0.0638181100545996,RP11-203J24.8 | GTSE1 | GS1-115G20.1
3 genes,0.0650173653825297,RP11-203J24.8 | NAV2 | RP11-46H11.12
3 genes,0.338849839530823,RP11-203J24.8 | NAV2 | GS1-115G20.1
3 genes,0.103596199421152,RP11-203J24.8 | RP11-46H11.12 | GS1-115G20.1
3 genes,0.0279000816648814,AC131097.4 | CTB-32O4.2 | GTSE1
3 genes,0.00880014297943654,AC131097.4 | CTB-32O4.2 | NAV2
3 genes,0.0564265199805455,AC131097.4 | CTB-32O4.2 | RP11-46H11.12
3 genes,0.289626187317081,AC131097.4 | CTB-32O4.2 | GS1-115G20.1
3 genes,0.0659940223239274,AC131097.4 | GTSE1 | NAV2
3 genes,0.265815849737801,AC131097.4 | GTSE1 | RP11-46H11.12
3 genes,0.0504394903325185,AC131097.4 | GTSE1 | GS1-115G20.1
3 genes,0.0420442503563078,AC131097.4 | NAV2 | RP11-46H11.12
3 genes,0.259164869738381,AC131097.4 | NAV2 | GS1-115G20.1
3 genes,0.130020938768768,AC131097.4 | RP11-46H11.12 | GS1-115G20.1
3 genes,0.0249796471094434,CTB-32O4.2 | GTSE1 | NAV2
3 genes,0.161550923125608,CTB-32O4.2 | GTSE1 | RP11-46H11.12
3 genes,0.128194104038774,CTB-32O4.2 | GTSE1 | GS1-115G20.1
3 genes,0.00792356953480211,CTB-32O4.2 | NAV2 | RP11-46H11.12
3 genes,0.00251667711437487,CTB-32O4.2 | NAV2 | GS1-115G20.1
3 genes,0.017875022398349,CTB-32O4.2 | RP11-46H11.12 | GS1-115G20.1
3 genes,0.00421908909967661,GTSE1 | NAV2 | RP11-46H11.12
3 genes,0.0340959382310326,GTSE1 | NAV2 | GS1-115G20.1
3 genes,0.530435057148261,GTSE1 | RP11-46H11.12 | GS1-115G20.1
3 genes,0.0731561344356949,NAV2 | RP11-46H11.12 | GS1-115G20.1
4 genes,0.247476653018096,RP11-483E7.1 | DSG1 | NLRX1 | RP11-203J24.8
4 genes,0.00646197045632579,RP11-483E7.1 | DSG1 | NLRX1 | AC131097.4
4 genes,0.00454576934306772,RP11-483E7.1 | DSG1 | NLRX1 | CTB-32O4.2
4 genes,0.0482659010504636,RP11-483E7.1 | DSG1 | NLRX1 | GTSE1
4 genes,0.279533871173983,RP11-483E7.1 | DSG1 | NLRX1 | NAV2
4 genes,0.128714150567768,RP11-483E7.1 | DSG1 | NLRX1 | RP11-46H11.12
4 genes,0.0436552854545688,RP11-483E7.1 | DSG1 | NLRX1 | GS1-115G20.1
4 genes,0.0928014439864471,RP11-483E7.1 | DSG1 | RP11-203J24.8 | AC131097.4
4 genes,0.00655895631452019,RP11-483E7.1 | DSG1 | RP11-203J24.8 | CTB-32O4.2
4 genes,0.0663180888955465,RP11-483E7.1 | DSG1 | RP11-203J24.8 | GTSE1
4 genes,0.131774088037381,RP11-483E7.1 | DSG1 | RP11-203J24.8 | NAV2
4 genes,0.0247653835231367,RP11-483E7.1 | DSG1 | RP11-203J24.8 | RP11-46H11.12
4 genes,0.0612658646756064,RP11-483E7.1 | DSG1 | RP11-203J24.8 | GS1-115G20.1
4 genes,0.000527516783829562,RP11-483E7.1 | DSG1 | AC131097.4 | CTB-32O4.2
4 genes,0.00419767988408204,RP11-483E7.1 | DSG1 | AC131097.4 | GTSE1
4 genes,0.0514999978636441,RP11-483E7.1 | DSG1 | AC131097.4 | NAV2
4 genes,0.00540918327498596,RP11-483E7.1 | DSG1 | AC131097.4 | RP11-46H11.12
4 genes,0.0241227749149273,RP11-483E7.1 | DSG1 | AC131097.4 | GS1-115G20.1
4 genes,0.0275233075793514,RP11-483E7.1 | DSG1 | CTB-32O4.2 | GTSE1
4 genes,0.000858589385274056,RP11-483E7.1 | DSG1 | CTB-32O4.2 | NAV2
4 genes,0.00826221154636719,RP11-483E7.1 | DSG1 | CTB-32O4.2 | RP11-46H11.12
4 genes,0.012868624436329,RP11-483E7.1 | DSG1 | CTB-32O4.2 | GS1-115G20.1
4 genes,0.0697126331824381,RP11-483E7.1 | DSG1 | GTSE1 | NAV2
4 genes,0.114662511177035,RP11-483E7.1 | DSG1 | GTSE1 | RP11-46H11.12
4 genes,0.0349326086030198,RP11-483E7.1 | DSG1 | GTSE1 | GS1-115G20.1
4 genes,0.0083755451537193,RP11-483E7.1 | DSG1 | NAV2 | RP11-46H11.12
4 genes,0.131336796945262,RP11-483E7.1 | DSG1 | NAV2 | GS1-115G20.1
4 genes,0.0354889413002355,RP11-483E7.1 | DSG1 | RP11-46H11.12 | GS1-115G20.1
4 genes,0.0464425550444784,RP11-483E7.1 | NLRX1 | RP11-203J24.8 | AC131097.4
4 genes,0.00290998624820338,RP11-483E7.1 | NLRX1 | RP11-203J24.8 | CTB-32O4.2
4 genes,0.0019501690790874,RP11-483E7.1 | NLRX1 | RP11-203J24.8 | GTSE1
4 genes,0.0352906062090579,RP11-483E7.1 | NLRX1 | RP11-203J24.8 | NAV2
4 genes,0.131681972679863,RP11-483E7.1 | NLRX1 | RP11-203J24.8 | RP11-46H11.12
4 genes,0.0271338006485605,RP11-483E7.1 | NLRX1 | RP11-203J24.8 | GS1-115G20.1
4 genes,0.00233647078821664,RP11-483E7.1 | NLRX1 | AC131097.4 | CTB-32O4.2
4 genes,0.0207673736353128,RP11-483E7.1 | NLRX1 | AC131097.4 | GTSE1
4 genes,0.131362925802217,RP11-483E7.1 | NLRX1 | AC131097.4 | NAV2
4 genes,0.13516924443249,RP11-483E7.1 | NLRX1 | AC131097.4 | RP11-46H11.12
4 genes,0.0170785292438729,RP11-483E7.1 | NLRX1 | AC131097.4 | GS1-115G20.1
4 genes,0.011819049253683,RP11-483E7.1 | NLRX1 | CTB-32O4.2 | GTSE1
4 genes,0.00118463832199156,RP11-483E7.1 | NLRX1 | CTB-32O4.2 | NAV2
4 genes,0.043731512256693,RP11-483E7.1 | NLRX1 | CTB-32O4.2 | RP11-46H11.12
4 genes,0.00734572679580903,RP11-483E7.1 | NLRX1 | CTB-32O4.2 | GS1-115G20.1
4 genes,0.0123495432521823,RP11-483E7.1 | NLRX1 | GTSE1 | NAV2
4 genes,0.138290258488061,RP11-483E7.1 | NLRX1 | GTSE1 | RP11-46H11.12
4 genes,0.104154601780824,RP11-483E7.1 | NLRX1 | GTSE1 | GS1-115G20.1
4 genes,0.0544410358615318,RP11-483E7.1 | NLRX1 | NAV2 | RP11-46H11.12
4 genes,0.218404920815446,RP11-483E7.1 | NLRX1 | NAV2 | GS1-115G20.1
4 genes,0.274623194970217,RP11-483E7.1 | NLRX1 | RP11-46H11.12 | GS1-115G20.1
4 genes,0.00856694546682291,RP11-483E7.1 | RP11-203J24.8 | AC131097.4 | CTB-32O4.2
4 genes,0.00244317217515633,RP11-483E7.1 | RP11-203J24.8 | AC131097.4 | GTSE1
4 genes,0.0927765880464835,RP11-483E7.1 | RP11-203J24.8 | AC131097.4 | NAV2
4 genes,0.00158268624556046,RP11-483E7.1 | RP11-203J24.8 | AC131097.4 | RP11-46H11.12
4 genes,0.0316561191576809,RP11-483E7.1 | RP11-203J24.8 | AC131097.4 | GS1-115G20.1
4 genes,0.0021497300097173,RP11-483E7.1 | RP11-203J24.8 | CTB-32O4.2 | GTSE1
4 genes,0.000302963507001541,RP11-483E7.1 | RP11-203J24.8 | CTB-32O4.2 | NAV2
4 genes,0.000904915204873236,RP11-483E7.1 | RP11-203J24.8 | CTB-32O4.2 | RP11-46H11.12
4 genes,0.00823285895134218,RP11-483E7.1 | RP11-203J24.8 | CTB-32O4.2 | GS1-115G20.1
4 genes,0.00244462206636253,RP11-483E7.1 | RP11-203J24.8 | GTSE1 | NAV2
4 genes,0.00274370986708294,RP11-483E7.1 | RP11-203J24.8 | GTSE1 | RP11-46H11.12
4 genes,0.00079837251654824,RP11-483E7.1 | RP11-203J24.8 | GTSE1 | GS1-115G20.1
4 genes,0.00482401454918246,RP11-483E7.1 | RP11-203J24.8 | NAV2 | RP11-46H11.12
4 genes,0.265583241499089,RP11-483E7.1 | RP11-203J24.8 | NAV2 | GS1-115G20.1
4 genes,0.00846943470625172,RP11-483E7.1 | RP11-203J24.8 | RP11-46H11.12 | GS1-115G20.1
4 genes,0.000909926252195659,RP11-483E7.1 | AC131097.4 | CTB-32O4.2 | GTSE1
4 genes,8.90907373830574e-05,RP11-483E7.1 | AC131097.4 | CTB-32O4.2 | NAV2
4 genes,0.00765765969255749,RP11-483E7.1 | AC131097.4 | CTB-32O4.2 | RP11-46H11.12
4 genes,0.0160883366663593,RP11-483E7.1 | AC131097.4 | CTB-32O4.2 | GS1-115G20.1
4 genes,0.0128075119366052,RP11-483E7.1 | AC131097.4 | GTSE1 | NAV2
4 genes,0.0678605442112388,RP11-483E7.1 | AC131097.4 | GTSE1 | RP11-46H11.12
4 genes,0.0113922653740455,RP11-483E7.1 | AC131097.4 | GTSE1 | GS1-115G20.1
4 genes,0.00363667784478472,RP11-483E7.1 | AC131097.4 | NAV2 | RP11-46H11.12
4 genes,0.130443906788935,RP11-483E7.1 | AC131097.4 | NAV2 | GS1-115G20.1
4 genes,0.0252845273047261,RP11-483E7.1 | AC131097.4 | RP11-46H11.12 | GS1-115G20.1
4 genes,0.000192067778062577,RP11-483E7.1 | CTB-32O4.2 | GTSE1 | NAV2
4 genes,0.0146332870321323,RP11-483E7.1 | CTB-32O4.2 | GTSE1 | RP11-46H11.12
4 genes,0.00885852856935099,RP11-483E7.1 | CTB-32O4.2 | GTSE1 | GS1-115G20.1
4 genes,0.00573149428827635,RP11-483E7.1 | CTB-32O4.2 | NAV2 | RP11-46H11.12
4 genes,0.000905241534233658,RP11-483E7.1 | CTB-32O4.2 | NAV2 | GS1-115G20.1
4 genes,0.00853533059464584,RP11-483E7.1 | CTB-32O4.2 | RP11-46H11.12 | GS1-115G20.1
4 genes,0.0556162658467431,RP11-483E7.1 | GTSE1 | NAV2 | RP11-46H11.12
4 genes,0.100774877456829,RP11-483E7.1 | GTSE1 | NAV2 | GS1-115G20.1
4 genes,0.362632892785989,RP11-483E7.1 | GTSE1 | RP11-46H11.12 | GS1-115G20.1
4 genes,0.110653485817814,RP11-483E7.1 | NAV2 | RP11-46H11.12 | GS1-115G20.1
4 genes,0.0431340847333239,DSG1 | NLRX1 | RP11-203J24.8 | AC131097.4
4 genes,0.0601857253371815,DSG1 | NLRX1 | RP11-203J24.8 | CTB-32O4.2
4 genes,0.217249587571677,DSG1 | NLRX1 | RP11-203J24.8 | GTSE1
4 genes,0.604145463922456,DSG1 | NLRX1 | RP11-203J24.8 | NAV2
4 genes,0.131709824778212,DSG1 | NLRX1 | RP11-203J24.8 | RP11-46H11.12
4 genes,0.511522080010699,DSG1 | NLRX1 | RP11-203J24.8 | GS1-115G20.1
4 genes,0.00113871660130194,DSG1 | NLRX1 | AC131097.4 | CTB-32O4.2
4 genes,0.0222042762836476,DSG1 | NLRX1 | AC131097.4 | GTSE1
4 genes,0.0349329225064726,DSG1 | NLRX1 | AC131097.4 | NAV2
4 genes,0.0291053167558553,DSG1 | NLRX1 | AC131097.4 | RP11-46H11.12
4 genes,0.017893746793315,DSG1 | NLRX1 | AC131097.4 | GS1-115G20.1
4 genes,0.102598202704208,DSG1 | NLRX1 | CTB-32O4.2 | GTSE1
4 genes,0.00326617118750194,DSG1 | NLRX1 | CTB-32O4.2 | NAV2
4 genes,0.0322267393600696,DSG1 | NLRX1 | CTB-32O4.2 | RP11-46H11.12
4 genes,0.0287281444114773,DSG1 | NLRX1 | CTB-32O4.2 | GS1-115G20.1
4 genes,0.0175103563214716,DSG1 | NLRX1 | GTSE1 | NAV2
4 genes,0.0166922534297356,DSG1 | NLRX1 | GTSE1 | RP11-46H11.12
4 genes,0.0232629573430474,DSG1 | NLRX1 | GTSE1 | GS1-115G20.1
4 genes,0.335163161763051,DSG1 | NLRX1 | NAV2 | RP11-46H11.12
4 genes,0.130220620720429,DSG1 | NLRX1 | NAV2 | GS1-115G20.1
4 genes,0.00837981994004255,DSG1 | NLRX1 | RP11-46H11.12 | GS1-115G20.1
4 genes,0.0240807384789596,DSG1 | RP11-203J24.8 | AC131097.4 | CTB-32O4.2
4 genes,0.0999219213470632,DSG1 | RP11-203J24.8 | AC131097.4 | GTSE1
4 genes,0.16811693636416,DSG1 | RP11-203J24.8 | AC131097.4 | NAV2
4 genes,0.0121000801144313,DSG1 | RP11-203J24.8 | AC131097.4 | RP11-46H11.12
4 genes,0.208203028616223,DSG1 | RP11-203J24.8 | AC131097.4 | GS1-115G20.1
4 genes,0.273029335805148,DSG1 | RP11-203J24.8 | CTB-32O4.2 | GTSE1
4 genes,0.0111416568407534,DSG1 | RP11-203J24.8 | CTB-32O4.2 | NAV2
4 genes,0.0261730651124386,DSG1 | RP11-203J24.8 | CTB-32O4.2 | RP11-46H11.12
4 genes,0.262649386665091,DSG1 | RP11-203J24.8 | CTB-32O4.2 | GS1-115G20.1
4 genes,0.0373648218777066,DSG1 | RP11-203J24.8 | GTSE1 | NAV2
4 genes,0.223422593939081,DSG1 | RP11-203J24.8 | GTSE1 | RP11-46H11.12
4 genes,0.401244133778465,DSG1 | RP11-203J24.8 | GTSE1 | GS1-115G20.1
4 genes,0.0468975260413327,DSG1 | RP11-203J24.8 | NAV2 | RP11-46H11.12
4 genes,0.458751825953902,DSG1 | RP11-203J24.8 | NAV2 | GS1-115G20.1
4 genes,0.0660110858251477,DSG1 | RP11-203J24.8 | RP11-46H11.12 | GS1-115G20.1
4 genes,0.0735253703251867,DSG1 | AC131097.4 | CTB-32O4.2 | GTSE1
4 genes,0.00870717248546493,DSG1 | AC131097.4 | CTB-32O4.2 | NAV2
4 genes,0.0805226703098437,DSG1 | AC131097.4 | CTB-32O4.2 | RP11-46H11.12
4 genes,0.00470405026227438,DSG1 | AC131097.4 | CTB-32O4.2 | GS1-115G20.1
4 genes,0.0391889140236933,DSG1 | AC131097.4 | GTSE1 | NAV2
4 genes,0.149272670890788,DSG1 | AC131097.4 | GTSE1 | RP11-46H11.12
4 genes,0.00789781583429594,DSG1 | AC131097.4 | GTSE1 | GS1-115G20.1
4 genes,0.0126568618060527,DSG1 | AC131097.4 | NAV2 | RP11-46H11.12
4 genes,0.128853429600362,DSG1 | AC131097.4 | NAV2 | GS1-115G20.1
4 genes,0.00844537832284753,DSG1 | AC131097.4 | RP11-46H11.12 | GS1-115G20.1
4 genes,0.0171850106534717,DSG1 | CTB-32O4.2 | GTSE1 | NAV2
4 genes,0.256402894152192,DSG1 | CTB-32O4.2 | GTSE1 | RP11-46H11.12
4 genes,0.096526524249366,DSG1 | CTB-32O4.2 | GTSE1 | GS1-115G20.1
4 genes,0.0135108868056668,DSG1 | CTB-32O4.2 | NAV2 | RP11-46H11.12
4 genes,0.00676879093328031,DSG1 | CTB-32O4.2 | NAV2 | GS1-115G20.1
4 genes,0.00960443881103479,DSG1 | CTB-32O4.2 | RP11-46H11.12 | GS1-115G20.1
4 genes,0.0524039626145472,DSG1 | GTSE1 | NAV2 | RP11-46H11.12
4 genes,0.195411637081491,DSG1 | GTSE1 | NAV2 | GS1-115G20.1
4 genes,0.308637672410076,DSG1 | GTSE1 | RP11-46H11.12 | GS1-115G20.1
4 genes,0.0577341071099646,DSG1 | NAV2 | RP11-46H11.12 | GS1-115G20.1
4 genes,0.00060245575186435,NLRX1 | RP11-203J24.8 | AC131097.4 | CTB-32O4.2
4 genes,0.0329835674116629,NLRX1 | RP11-203J24.8 | AC131097.4 | GTSE1
4 genes,0.00559811869866444,NLRX1 | RP11-203J24.8 | AC131097.4 | NAV2
4 genes,0.00522979736917584,NLRX1 | RP11-203J24.8 | AC131097.4 | RP11-46H11.12
4 genes,0.024628918256982,NLRX1 | RP11-203J24.8 | AC131097.4 | GS1-115G20.1
4 genes,0.169474220761205,NLRX1 | RP11-203J24.8 | CTB-32O4.2 | GTSE1
4 genes,0.00544723949031423,NLRX1 | RP11-203J24.8 | CTB-32O4.2 | NAV2
4 genes,0.0256734866707189,NLRX1 | RP11-203J24.8 | CTB-32O4.2 | RP11-46H11.12
4 genes,0.0868884271277577,NLRX1 | RP11-203J24.8 | CTB-32O4.2 | GS1-115G20.1
4 genes,0.0508987532719384,NLRX1 | RP11-203J24.8 | GTSE1 | NAV2
4 genes,0.141700645510534,NLRX1 | RP11-203J24.8 | GTSE1 | RP11-46H11.12
4 genes,0.0909025375032759,NLRX1 | RP11-203J24.8 | GTSE1 | GS1-115G20.1
4 genes,0.00796178910845569,NLRX1 | RP11-203J24.8 | NAV2 | RP11-46H11.12
4 genes,0.0366241692005305,NLRX1 | RP11-203J24.8 | NAV2 | GS1-115G20.1
4 genes,0.107691809396748,NLRX1 | RP11-203J24.8 | RP11-46H11.12 | GS1-115G20.1
4 genes,0.0200125721602336,NLRX1 | AC131097.4 | CTB-32O4.2 | GTSE1
4 genes,0.000766753953304278,NLRX1 | AC131097.4 | CTB-32O4.2 | NAV2
4 genes,0.0312682079530416,NLRX1 | AC131097.4 | CTB-32O4.2 | RP11-46H11.12
4 genes,0.00680505687272792,NLRX1 | AC131097.4 | CTB-32O4.2 | GS1-115G20.1
4 genes,0.0595877154701716,NLRX1 | AC131097.4 | GTSE1 | NAV2
4 genes,0.133461566444018,NLRX1 | AC131097.4 | GTSE1 | RP11-46H11.12
4 genes,0.0364770106372239,NLRX1 | AC131097.4 | GTSE1 | GS1-115G20.1
4 genes,0.00250940660296939,NLRX1 | AC131097.4 | NAV2 | RP11-46H11.12
4 genes,0.0108058043399694,NLRX1 | AC131097.4 | NAV2 | GS1-115G20.1
4 genes,0.141297415343693,NLRX1 | AC131097.4 | RP11-46H11.12 | GS1-115G20.1
4 genes,0.00403708463568908,NLRX1 | CTB-32O4.2 | GTSE1 | NAV2
4 genes,0.129494269161726,NLRX1 | CTB-32O4.2 | GTSE1 | RP11-46H11.12
4 genes,0.0434913588692737,NLRX1 | CTB-32O4.2 | GTSE1 | GS1-115G20.1
4 genes,0.00887677737155401,NLRX1 | CTB-32O4.2 | NAV2 | RP11-46H11.12
4 genes,0.00135682498617973,NLRX1 | CTB-32O4.2 | NAV2 | GS1-115G20.1
4 genes,0.07348149083234,NLRX1 | CTB-32O4.2 | RP11-46H11.12 | GS1-115G20.1
4 genes,0.00410847319213559,NLRX1 | GTSE1 | NAV2 | RP11-46H11.12
4 genes,0.00679721397107647,NLRX1 | GTSE1 | NAV2 | GS1-115G20.1
4 genes,0.0682228837628998,NLRX1 | GTSE1 | RP11-46H11.12 | GS1-115G20.1
4 genes,0.0113855221651152,NLRX1 | NAV2 | RP11-46H11.12 | GS1-115G20.1
4 genes,0.0352000066896448,RP11-203J24.8 | AC131097.4 | CTB-32O4.2 | GTSE1
4 genes,0.000642686910614865,RP11-203J24.8 | AC131097.4 | CTB-32O4.2 | NAV2
4 genes,0.00347782385292628,RP11-203J24.8 | AC131097.4 | CTB-32O4.2 | RP11-46H11.12
4 genes,0.0308748226241997,RP11-203J24.8 | AC131097.4 | CTB-32O4.2 | GS1-115G20.1
4 genes,0.00601666657466171,RP11-203J24.8 | AC131097.4 | GTSE1 | NAV2
4 genes,0.00975326613203698,RP11-203J24.8 | AC131097.4 | GTSE1 | RP11-46H11.12
4 genes,0.0372660599450884,RP11-203J24.8 | AC131097.4 | GTSE1 | GS1-115G20.1
4 genes,0.0148941624891846,RP11-203J24.8 | AC131097.4 | NAV2 | RP11-46H11.12
4 genes,0.102024212105669,RP11-203J24.8 | AC131097.4 | NAV2 | GS1-115G20.1
4 genes,0.0104425564874743,RP11-203J24.8 | AC131097.4 | RP11-46H11.12 | GS1-115G20.1
4 genes,0.00743285519317893,RP11-203J24.8 | CTB-32O4.2 | GTSE1 | NAV2
4 genes,0.0355887467658216,RP11-203J24.8 | CTB-32O4.2 | GTSE1 | RP11-46H11.12
4 genes,0.19608643728276,RP11-203J24.8 | CTB-32O4.2 | GTSE1 | GS1-115G20.1
4 genes,0.0225733340837061,RP11-203J24.8 | CTB-32O4.2 | NAV2 | RP11-46H11.12
4 genes,0.00585572592038008,RP11-203J24.8 | CTB-32O4.2 | NAV2 | GS1-115G20.1
4 genes,0.00687884426773555,RP11-203J24.8 | CTB-32O4.2 | RP11-46H11.12 | GS1-115G20.1
4 genes,0.00476761109861423,RP11-203J24.8 | GTSE1 | NAV2 | RP11-46H11.12
4 genes,0.00652317664396052,RP11-203J24.8 | GTSE1 | NAV2 | GS1-115G20.1
4 genes,0.0402808694416156,RP11-203J24.8 | GTSE1 | RP11-46H11.12 | GS1-115G20.1
4 genes,0.0844982947532136,RP11-203J24.8 | NAV2 | RP11-46H11.12 | GS1-115G20.1
4 genes,0.00607907642530203,AC131097.4 | CTB-32O4.2 | GTSE1 | NAV2
4 genes,0.107563277772115,AC131097.4 | CTB-32O4.2 | GTSE1 | RP11-46H11.12
4 genes,0.0969672898386117,AC131097.4 | CTB-32O4.2 | GTSE1 | GS1-115G20.1
4 genes,0.00982596668336466,AC131097.4 | CTB-32O4.2 | NAV2 | RP11-46H11.12
4 genes,0.0289596129642951,AC131097.4 | CTB-32O4.2 | NAV2 | GS1-115G20.1
4 genes,0.132245282107591,AC131097.4 | CTB-32O4.2 | RP11-46H11.12 | GS1-115G20.1
4 genes,0.00197048925216214,AC131097.4 | GTSE1 | NAV2 | RP11-46H11.12
4 genes,0.107155596799017,AC131097.4 | GTSE1 | NAV2 | GS1-115G20.1
4 genes,0.270012236803411,AC131097.4 | GTSE1 | RP11-46H11.12 | GS1-115G20.1
4 genes,0.0664912423860559,AC131097.4 | NAV2 | RP11-46H11.12 | GS1-115G20.1
4 genes,0.00683775123995178,CTB-32O4.2 | GTSE1 | NAV2 | RP11-46H11.12
4 genes,0.00756099149994416,CTB-32O4.2 | GTSE1 | NAV2 | GS1-115G20.1
4 genes,0.282934474166229,CTB-32O4.2 | GTSE1 | RP11-46H11.12 | GS1-115G20.1
4 genes,0.0025376857502557,CTB-32O4.2 | NAV2 | RP11-46H11.12 | GS1-115G20.1
4 genes,0.0294351177681816,GTSE1 | NAV2 | RP11-46H11.12 | GS1-115G20.1
5 genes,0.0781601342491126,RP11-483E7.1 | DSG1 | NLRX1 | RP11-203J24.8 | AC131097.4
5 genes,0.00261760042737869,RP11-483E7.1 | DSG1 | NLRX1 | RP11-203J24.8 | CTB-32O4.2
5 genes,0.0194773356179966,RP11-483E7.1 | DSG1 | NLRX1 | RP11-203J24.8 | GTSE1
5 genes,0.285352701057246,RP11-483E7.1 | DSG1 | NLRX1 | RP11-203J24.8 | NAV2
5 genes,0.115320429907364,RP11-483E7.1 | DSG1 | NLRX1 | RP11-203J24.8 | RP11-46H11.12
5 genes,0.0958314886172672,RP11-483E7.1 | DSG1 | NLRX1 | RP11-203J24.8 | GS1-115G20.1
5 genes,0.000978980382773886,RP11-483E7.1 | DSG1 | NLRX1 | AC131097.4 | CTB-32O4.2
5 genes,0.0146239985944081,RP11-483E7.1 | DSG1 | NLRX1 | AC131097.4 | GTSE1
5 genes,0.013745633675918,RP11-483E7.1 | DSG1 | NLRX1 | AC131097.4 | NAV2
5 genes,0.000728059798538294,RP11-483E7.1 | DSG1 | NLRX1 | AC131097.4 | RP11-46H11.12
5 genes,0.0196042971411258,RP11-483E7.1 | DSG1 | NLRX1 | AC131097.4 | GS1-115G20.1
5 genes,0.0137553965629956,RP11-483E7.1 | DSG1 | NLRX1 | CTB-32O4.2 | GTSE1
5 genes,0.0037642420258619,RP11-483E7.1 | DSG1 | NLRX1 | CTB-32O4.2 | NAV2
5 genes,0.0167800552923791,RP11-483E7.1 | DSG1 | NLRX1 | CTB-32O4.2 | RP11-46H11.12
5 genes,0.00546189095273975,RP11-483E7.1 | DSG1 | NLRX1 | CTB-32O4.2 | GS1-115G20.1
5 genes,0.0596838069722253,RP11-483E7.1 | DSG1 | NLRX1 | GTSE1 | NAV2
5 genes,0.0938244249893141,RP11-483E7.1 | DSG1 | NLRX1 | GTSE1 | RP11-46H11.12
5 genes,0.0343407096186121,RP11-483E7.1 | DSG1 | NLRX1 | GTSE1 | GS1-115G20.1
5 genes,0.0582655204114068,RP11-483E7.1 | DSG1 | NLRX1 | NAV2 | RP11-46H11.12
5 genes,0.242280956904323,RP11-483E7.1 | DSG1 | NLRX1 | NAV2 | GS1-115G20.1
5 genes,0.0340982064371108,RP11-483E7.1 | DSG1 | NLRX1 | RP11-46H11.12 | GS1-115G20.1
5 genes,0.00145555807886821,RP11-483E7.1 | DSG1 | RP11-203J24.8 | AC131097.4 | CTB-32O4.2
5 genes,0.0306992277240324,RP11-483E7.1 | DSG1 | RP11-203J24.8 | AC131097.4 | GTSE1
5 genes,0.11325573441179,RP11-483E7.1 | DSG1 | RP11-203J24.8 | AC131097.4 | NAV2
5 genes,0.0295938417152435,RP11-483E7.1 | DSG1 | RP11-203J24.8 | AC131097.4 | RP11-46H11.12
5 genes,0.0158514575320476,RP11-483E7.1 | DSG1 | RP11-203J24.8 | AC131097.4 | GS1-115G20.1
5 genes,0.0102014438435607,RP11-483E7.1 | DSG1 | RP11-203J24.8 | CTB-32O4.2 | GTSE1
5 genes,0.00711624041685666,RP11-483E7.1 | DSG1 | RP11-203J24.8 | CTB-32O4.2 | NAV2
5 genes,0.00561533063084718,RP11-483E7.1 | DSG1 | RP11-203J24.8 | CTB-32O4.2 | RP11-46H11.12
5 genes,0.00416998091352827,RP11-483E7.1 | DSG1 | RP11-203J24.8 | CTB-32O4.2 | GS1-115G20.1
5 genes,0.0162452154400894,RP11-483E7.1 | DSG1 | RP11-203J24.8 | GTSE1 | NAV2
5 genes,0.0454167836345333,RP11-483E7.1 | DSG1 | RP11-203J24.8 | GTSE1 | RP11-46H11.12
5 genes,0.0377572799981888,RP11-483E7.1 | DSG1 | RP11-203J24.8 | GTSE1 | GS1-115G20.1
5 genes,0.00984223388666461,RP11-483E7.1 | DSG1 | RP11-203J24.8 | NAV2 | RP11-46H11.12
5 genes,0.174752354349334,RP11-483E7.1 | DSG1 | RP11-203J24.8 | NAV2 | GS1-115G20.1
5 genes,0.0657320758592628,RP11-483E7.1 | DSG1 | RP11-203J24.8 | RP11-46H11.12 | GS1-115G20.1
5 genes,0.000447000116638452,RP11-483E7.1 | DSG1 | AC131097.4 | CTB-32O4.2 | GTSE1
5 genes,0.000161395599957981,RP11-483E7.1 | DSG1 | AC131097.4 | CTB-32O4.2 | NAV2
5 genes,0.00625809398314747,RP11-483E7.1 | DSG1 | AC131097.4 | CTB-32O4.2 | RP11-46H11.12
5 genes,0.00507819165094059,RP11-483E7.1 | DSG1 | AC131097.4 | CTB-32O4.2 | GS1-115G20.1
5 genes,0.0127336636988211,RP11-483E7.1 | DSG1 | AC131097.4 | GTSE1 | NAV2
5 genes,0.0242840990721828,RP11-483E7.1 | DSG1 | AC131097.4 | GTSE1 | RP11-46H11.12
5 genes,0.0692028556158426,RP11-483E7.1 | DSG1 | AC131097.4 | GTSE1 | GS1-115G20.1
5 genes,0.0112361886847986,RP11-483E7.1 | DSG1 | AC131097.4 | NAV2 | RP11-46H11.12
5 genes,0.0498943441411495,RP11-483E7.1 | DSG1 | AC131097.4 | NAV2 | GS1-115G20.1
5 genes,0.0085148852815754,RP11-483E7.1 | DSG1 | AC131097.4 | RP11-46H11.12 | GS1-115G20.1
5 genes,0.00144015917967477,RP11-483E7.1 | DSG1 | CTB-32O4.2 | GTSE1 | NAV2
5 genes,0.0565963385999385,RP11-483E7.1 | DSG1 | CTB-32O4.2 | GTSE1 | RP11-46H11.12
5 genes,0.0583081317620161,RP11-483E7.1 | DSG1 | CTB-32O4.2 | GTSE1 | GS1-115G20.1
5 genes,0.00102608369269508,RP11-483E7.1 | DSG1 | CTB-32O4.2 | NAV2 | RP11-46H11.12
5 genes,0.0015491561072315,RP11-483E7.1 | DSG1 | CTB-32O4.2 | NAV2 | GS1-115G20.1
5 genes,0.00737167226630353,RP11-483E7.1 | DSG1 | CTB-32O4.2 | RP11-46H11.12 | GS1-115G20.1
5 genes,0.0458789932282818,RP11-483E7.1 | DSG1 | GTSE1 | NAV2 | RP11-46H11.12
5 genes,0.0683809376351602,RP11-483E7.1 | DSG1 | GTSE1 | NAV2 | GS1-115G20.1
5 genes,0.0274257585976748,RP11-483E7.1 | DSG1 | GTSE1 | RP11-46H11.12 | GS1-115G20.1
5 genes,0.0127180118546669,RP11-483E7.1 | DSG1 | NAV2 | RP11-46H11.12 | GS1-115G20.1
5 genes,0.000714000605496978,RP11-483E7.1 | NLRX1 | RP11-203J24.8 | AC131097.4 | CTB-32O4.2
5 genes,0.0107851219008559,RP11-483E7.1 | NLRX1 | RP11-203J24.8 | AC131097.4 | GTSE1
5 genes,0.0213848387507722,RP11-483E7.1 | NLRX1 | RP11-203J24.8 | AC131097.4 | NAV2
5 genes,0.00456663283956904,RP11-483E7.1 | NLRX1 | RP11-203J24.8 | AC131097.4 | RP11-46H11.12
5 genes,0.0151239634157043,RP11-483E7.1 | NLRX1 | RP11-203J24.8 | AC131097.4 | GS1-115G20.1
5 genes,0.000611910897769241,RP11-483E7.1 | NLRX1 | RP11-203J24.8 | CTB-32O4.2 | GTSE1
5 genes,0.00111096096886265,RP11-483E7.1 | NLRX1 | RP11-203J24.8 | CTB-32O4.2 | NAV2
5 genes,0.00746019438611312,RP11-483E7.1 | NLRX1 | RP11-203J24.8 | CTB-32O4.2 | RP11-46H11.12
5 genes,0.00114187795842957,RP11-483E7.1 | NLRX1 | RP11-203J24.8 | CTB-32O4.2 | GS1-115G20.1
5 genes,0.00384132121274872,RP11-483E7.1 | NLRX1 | RP11-203J24.8 | GTSE1 | NAV2
5 genes,0.00751945304634316,RP11-483E7.1 | NLRX1 | RP11-203J24.8 | GTSE1 | RP11-46H11.12
5 genes,0.00083391541350597,RP11-483E7.1 | NLRX1 | RP11-203J24.8 | GTSE1 | GS1-115G20.1
5 genes,0.00782372757759175,RP11-483E7.1 | NLRX1 | RP11-203J24.8 | NAV2 | RP11-46H11.12
5 genes,0.0173386635933759,RP11-483E7.1 | NLRX1 | RP11-203J24.8 | NAV2 | GS1-115G20.1
5 genes,0.106301175694985,RP11-483E7.1 | NLRX1 | RP11-203J24.8 | RP11-46H11.12 | GS1-115G20.1
5 genes,0.00303666451545703,RP11-483E7.1 | NLRX1 | AC131097.4 | CTB-32O4.2 | GTSE1
5 genes,0.000264721972540904,RP11-483E7.1 | NLRX1 | AC131097.4 | CTB-32O4.2 | NAV2
5 genes,0.00592167227139917,RP11-483E7.1 | NLRX1 | AC131097.4 | CTB-32O4.2 | RP11-46H11.12
5 genes,0.00200607120966612,RP11-483E7.1 | NLRX1 | AC131097.4 | CTB-32O4.2 | GS1-115G20.1
5 genes,0.0109533896635456,RP11-483E7.1 | NLRX1 | AC131097.4 | GTSE1 | NAV2
5 genes,0.0131986720935238,RP11-483E7.1 | NLRX1 | AC131097.4 | GTSE1 | RP11-46H11.12
5 genes,0.0229957802168694,RP11-483E7.1 | NLRX1 | AC131097.4 | GTSE1 | GS1-115G20.1
5 genes,0.0066629246101565,RP11-483E7.1 | NLRX1 | AC131097.4 | NAV2 | RP11-46H11.12
5 genes,0.0396489339248437,RP11-483E7.1 | NLRX1 | AC131097.4 | NAV2 | GS1-115G20.1
5 genes,0.0453716955587526,RP11-483E7.1 | NLRX1 | AC131097.4 | RP11-46H11.12 | GS1-115G20.1
5 genes,0.00059359814719373,RP11-483E7.1 | NLRX1 | CTB-32O4.2 | GTSE1 | NAV2
5 genes,0.0344387079633137,RP11-483E7.1 | NLRX1 | CTB-32O4.2 | GTSE1 | RP11-46H11.12
5 genes,0.0231524540189723,RP11-483E7.1 | NLRX1 | CTB-32O4.2 | GTSE1 | GS1-115G20.1
5 genes,0.00545206823643818,RP11-483E7.1 | NLRX1 | CTB-32O4.2 | NAV2 | RP11-46H11.12
5 genes,0.000955121075236542,RP11-483E7.1 | NLRX1 | CTB-32O4.2 | NAV2 | GS1-115G20.1
5 genes,0.0115928076225885,RP11-483E7.1 | NLRX1 | CTB-32O4.2 | RP11-46H11.12 | GS1-115G20.1
5 genes,0.0417971570235647,RP11-483E7.1 | NLRX1 | GTSE1 | NAV2 | RP11-46H11.12
5 genes,0.00220647696783582,RP11-483E7.1 | NLRX1 | GTSE1 | NAV2 | GS1-115G20.1
5 genes,0.0743141803317391,RP11-483E7.1 | NLRX1 | GTSE1 | RP11-46H11.12 | GS1-115G20.1
5 genes,0.0797075869130103,RP11-483E7.1 | NLRX1 | NAV2 | RP11-46H11.12 | GS1-115G20.1
5 genes,0.00453916330187742,RP11-483E7.1 | RP11-203J24.8 | AC131097.4 | CTB-32O4.2 | GTSE1
5 genes,0.000324097626277609,RP11-483E7.1 | RP11-203J24.8 | AC131097.4 | CTB-32O4.2 | NAV2
5 genes,0.001087897403241,RP11-483E7.1 | RP11-203J24.8 | AC131097.4 | CTB-32O4.2 | RP11-46H11.12
5 genes,0.00856694546682291,RP11-483E7.1 | RP11-203J24.8 | AC131097.4 | CTB-32O4.2 | GS1-115G20.1
5 genes,0.0010242580475448,RP11-483E7.1 | RP11-203J24.8 | AC131097.4 | GTSE1 | NAV2
5 genes,0.00157516600231478,RP11-483E7.1 | RP11-203J24.8 | AC131097.4 | GTSE1 | RP11-46H11.12
5 genes,0.00244317217515633,RP11-483E7.1 | RP11-203J24.8 | AC131097.4 | GTSE1 | GS1-115G20.1
5 genes,0.00073844757754471,RP11-483E7.1 | RP11-203J24.8 | AC131097.4 | NAV2 | RP11-46H11.12
5 genes,0.272321398347287,RP11-483E7.1 | RP11-203J24.8 | AC131097.4 | NAV2 | GS1-115G20.1
5 genes,0.0059536111225833,RP11-483E7.1 | RP11-203J24.8 | AC131097.4 | RP11-46H11.12 | GS1-115G20.1
5 genes,0.000116911914281093,RP11-483E7.1 | RP11-203J24.8 | CTB-32O4.2 | GTSE1 | NAV2
5 genes,0.00426005412576103,RP11-483E7.1 | RP11-203J24.8 | CTB-32O4.2 | GTSE1 | RP11-46H11.12
5 genes,0.0021497300097173,RP11-483E7.1 | RP11-203J24.8 | CTB-32O4.2 | GTSE1 | GS1-115G20.1
5 genes,0.000925962963750915,RP11-483E7.1 | RP11-203J24.8 | CTB-32O4.2 | NAV2 | RP11-46H11.12
5 genes,0.000216779588144145,RP11-483E7.1 | RP11-203J24.8 | CTB-32O4.2 | NAV2 | GS1-115G20.1
5 genes,0.00664928049291114,RP11-483E7.1 | RP11-203J24.8 | CTB-32O4.2 | RP11-46H11.12 | GS1-115G20.1
5 genes,0.00322869573065288,RP11-483E7.1 | RP11-203J24.8 | GTSE1 | NAV2 | RP11-46H11.12
5 genes,0.00259299839253291,RP11-483E7.1 | RP11-203J24.8 | GTSE1 | NAV2 | GS1-115G20.1
5 genes,0.00069009900395145,RP11-483E7.1 | RP11-203J24.8 | GTSE1 | RP11-46H11.12 | GS1-115G20.1
5 genes,0.00394157079678759,RP11-483E7.1 | RP11-203J24.8 | NAV2 | RP11-46H11.12 | GS1-115G20.1
5 genes,9.31469934577489e-05,RP11-483E7.1 | AC131097.4 | CTB-32O4.2 | GTSE1 | NAV2
5 genes,0.00243515230763414,RP11-483E7.1 | AC131097.4 | CTB-32O4.2 | GTSE1 | RP11-46H11.12
5 genes,0.000825314304014113,RP11-483E7.1 | AC131097.4 | CTB-32O4.2 | GTSE1 | GS1-115G20.1
5 genes,0.00108567479046506,RP11-483E7.1 | AC131097.4 | CTB-32O4.2 | NAV2 | RP11-46H11.12
5 genes,9.77555846245481e-05,RP11-483E7.1 | AC131097.4 | CTB-32O4.2 | NAV2 | GS1-115G20.1
5 genes,0.0405044844374423,RP11-483E7.1 | AC131097.4 | CTB-32O4.2 | RP11-46H11.12 | GS1-115G20.1
5 genes,0.00308118849132677,RP11-483E7.1 | AC131097.4 | GTSE1 | NAV2 | RP11-46H11.12
5 genes,0.0721532670587943,RP11-483E7.1 | AC131097.4 | GTSE1 | NAV2 | GS1-115G20.1
5 genes,0.0256028314696302,RP11-483E7.1 | AC131097.4 | GTSE1 | RP11-46H11.12 | GS1-115G20.1
5 genes,0.0101084515789899,RP11-483E7.1 | AC131097.4 | NAV2 | RP11-46H11.12 | GS1-115G20.1
5 genes,0.00135610368862382,RP11-483E7.1 | CTB-32O4.2 | GTSE1 | NAV2 | RP11-46H11.12
5 genes,0.0002295729656554,RP11-483E7.1 | CTB-32O4.2 | GTSE1 | NAV2 | GS1-115G20.1
5 genes,0.0194134600042029,RP11-483E7.1 | CTB-32O4.2 | GTSE1 | RP11-46H11.12 | GS1-115G20.1
5 genes,0.00368898776028603,RP11-483E7.1 | CTB-32O4.2 | NAV2 | RP11-46H11.12 | GS1-115G20.1
5 genes,0.0529097552107846,RP11-483E7.1 | GTSE1 | NAV2 | RP11-46H11.12 | GS1-115G20.1
5 genes,0.00401754332042448,DSG1 | NLRX1 | RP11-203J24.8 | AC131097.4 | CTB-32O4.2
5 genes,0.0171706034302158,DSG1 | NLRX1 | RP11-203J24.8 | AC131097.4 | GTSE1
5 genes,0.0278806708628265,DSG1 | NLRX1 | RP11-203J24.8 | AC131097.4 | NAV2
5 genes,0.0470427188897686,DSG1 | NLRX1 | RP11-203J24.8 | AC131097.4 | RP11-46H11.12
5 genes,0.106470778914172,DSG1 | NLRX1 | RP11-203J24.8 | AC131097.4 | GS1-115G20.1
5 genes,0.0646309101266993,DSG1 | NLRX1 | RP11-203J24.8 | CTB-32O4.2 | GTSE1
5 genes,0.00268042546954339,DSG1 | NLRX1 | RP11-203J24.8 | CTB-32O4.2 | NAV2
5 genes,0.0766135291128335,DSG1 | NLRX1 | RP11-203J24.8 | CTB-32O4.2 | RP11-46H11.12
5 genes,0.0407790505720327,DSG1 | NLRX1 | RP11-203J24.8 | CTB-32O4.2 | GS1-115G20.1
5 genes,0.0299125863627286,DSG1 | NLRX1 | RP11-203J24.8 | GTSE1 | NAV2
5 genes,0.0278849918239967,DSG1 | NLRX1 | RP11-203J24.8 | GTSE1 | RP11-46H11.12
5 genes,0.419032788738589,DSG1 | NLRX1 | RP11-203J24.8 | GTSE1 | GS1-115G20.1
5 genes,0.0892242015825115,DSG1 | NLRX1 | RP11-203J24.8 | NAV2 | RP11-46H11.12
5 genes,0.129414229107629,DSG1 | NLRX1 | RP11-203J24.8 | NAV2 | GS1-115G20.1
5 genes,0.102813360524229,DSG1 | NLRX1 | RP11-203J24.8 | RP11-46H11.12 | GS1-115G20.1
5 genes,0.00458059720012727,DSG1 | NLRX1 | AC131097.4 | CTB-32O4.2 | GTSE1
5 genes,0.00165532152815717,DSG1 | NLRX1 | AC131097.4 | CTB-32O4.2 | NAV2
5 genes,0.00255686550308654,DSG1 | NLRX1 | AC131097.4 | CTB-32O4.2 | RP11-46H11.12
5 genes,0.0014960167888638,DSG1 | NLRX1 | AC131097.4 | CTB-32O4.2 | GS1-115G20.1
5 genes,0.0286891555658307,DSG1 | NLRX1 | AC131097.4 | GTSE1 | NAV2
5 genes,0.00715920599489983,DSG1 | NLRX1 | AC131097.4 | GTSE1 | RP11-46H11.12
5 genes,0.0244549118347713,DSG1 | NLRX1 | AC131097.4 | GTSE1 | GS1-115G20.1
5 genes,0.00437187950158924,DSG1 | NLRX1 | AC131097.4 | NAV2 | RP11-46H11.12
5 genes,0.0131320145223955,DSG1 | NLRX1 | AC131097.4 | NAV2 | GS1-115G20.1
5 genes,0.0263394059190348,DSG1 | NLRX1 | AC131097.4 | RP11-46H11.12 | GS1-115G20.1
5 genes,0.00377943598177521,DSG1 | NLRX1 | CTB-32O4.2 | GTSE1 | NAV2
5 genes,0.0221162440362467,DSG1 | NLRX1 | CTB-32O4.2 | GTSE1 | RP11-46H11.12
5 genes,0.0975440269881922,DSG1 | NLRX1 | CTB-32O4.2 | GTSE1 | GS1-115G20.1
5 genes,0.00838661304341659,DSG1 | NLRX1 | CTB-32O4.2 | NAV2 | RP11-46H11.12
5 genes,0.00319938461253544,DSG1 | NLRX1 | CTB-32O4.2 | NAV2 | GS1-115G20.1
5 genes,0.0369449726082848,DSG1 | NLRX1 | CTB-32O4.2 | RP11-46H11.12 | GS1-115G20.1
5 genes,0.00780621104873158,DSG1 | NLRX1 | GTSE1 | NAV2 | RP11-46H11.12
5 genes,0.0192625429654255,DSG1 | NLRX1 | GTSE1 | NAV2 | GS1-115G20.1
5 genes,0.0470942781668174,DSG1 | NLRX1 | GTSE1 | RP11-46H11.12 | GS1-115G20.1
5 genes,0.0105380943994404,DSG1 | NLRX1 | NAV2 | RP11-46H11.12 | GS1-115G20.1
5 genes,0.0251725975303606,DSG1 | RP11-203J24.8 | AC131097.4 | CTB-32O4.2 | GTSE1
5 genes,0.00116677803940357,DSG1 | RP11-203J24.8 | AC131097.4 | CTB-32O4.2 | NAV2
5 genes,0.00327962242845514,DSG1 | RP11-203J24.8 | AC131097.4 | CTB-32O4.2 | RP11-46H11.12
5 genes,0.0197707020284863,DSG1 | RP11-203J24.8 | AC131097.4 | CTB-32O4.2 | GS1-115G20.1
5 genes,0.0247566427190402,DSG1 | RP11-203J24.8 | AC131097.4 | GTSE1 | NAV2
5 genes,0.0254525380186856,DSG1 | RP11-203J24.8 | AC131097.4 | GTSE1 | RP11-46H11.12
5 genes,0.0429997169724438,DSG1 | RP11-203J24.8 | AC131097.4 | GTSE1 | GS1-115G20.1
5 genes,0.0147335379192884,DSG1 | RP11-203J24.8 | AC131097.4 | NAV2 | RP11-46H11.12
5 genes,0.555926292155545,DSG1 | RP11-203J24.8 | AC131097.4 | NAV2 | GS1-115G20.1
5 genes,0.0131462612832952,DSG1 | RP11-203J24.8 | AC131097.4 | RP11-46H11.12 | GS1-115G20.1
5 genes,0.0148191254299517,DSG1 | RP11-203J24.8 | CTB-32O4.2 | GTSE1 | NAV2
5 genes,0.109657682481645,DSG1 | RP11-203J24.8 | CTB-32O4.2 | GTSE1 | RP11-46H11.12
5 genes,0.258238600028644,DSG1 | RP11-203J24.8 | CTB-32O4.2 | GTSE1 | GS1-115G20.1
5 genes,0.0248027677835256,DSG1 | RP11-203J24.8 | CTB-32O4.2 | NAV2 | RP11-46H11.12
5 genes,0.00945840015125854,DSG1 | RP11-203J24.8 | CTB-32O4.2 | NAV2 | GS1-115G20.1
5 genes,0.0461668202455154,DSG1 | RP11-203J24.8 | CTB-32O4.2 | RP11-46H11.12 | GS1-115G20.1
5 genes,0.0352255277223502,DSG1 | RP11-203J24.8 | GTSE1 | NAV2 | RP11-46H11.12
5 genes,0.0679864172966245,DSG1 | RP11-203J24.8 | GTSE1 | NAV2 | GS1-115G20.1
5 genes,0.10360877994022,DSG1 | RP11-203J24.8 | GTSE1 | RP11-46H11.12 | GS1-115G20.1
5 genes,0.0577045008801067,DSG1 | RP11-203J24.8 | NAV2 | RP11-46H11.12 | GS1-115G20.1
5 genes,0.00873913619834787,DSG1 | AC131097.4 | CTB-32O4.2 | GTSE1 | NAV2
5 genes,0.0832766701650535,DSG1 | AC131097.4 | CTB-32O4.2 | GTSE1 | RP11-46H11.12
5 genes,0.0289837595384136,DSG1 | AC131097.4 | CTB-32O4.2 | GTSE1 | GS1-115G20.1
5 genes,0.00177646912130713,DSG1 | AC131097.4 | CTB-32O4.2 | NAV2 | RP11-46H11.12
5 genes,0.0431988934078316,DSG1 | AC131097.4 | CTB-32O4.2 | NAV2 | GS1-115G20.1
5 genes,0.0112973989763624,DSG1 | AC131097.4 | CTB-32O4.2 | RP11-46H11.12 | GS1-115G20.1
5 genes,0.00188570673262389,DSG1 | AC131097.4 | GTSE1 | NAV2 | RP11-46H11.12
5 genes,0.131416049369484,DSG1 | AC131097.4 | GTSE1 | NAV2 | GS1-115G20.1
5 genes,0.0638044650382318,DSG1 | AC131097.4 | GTSE1 | RP11-46H11.12 | GS1-115G20.1
5 genes,0.00768030036698697,DSG1 | AC131097.4 | NAV2 | RP11-46H11.12 | GS1-115G20.1
5 genes,0.019460718861841,DSG1 | CTB-32O4.2 | GTSE1 | NAV2 | RP11-46H11.12
5 genes,0.0172402097013709,DSG1 | CTB-32O4.2 | GTSE1 | NAV2 | GS1-115G20.1
5 genes,0.142804364590909,DSG1 | CTB-32O4.2 | GTSE1 | RP11-46H11.12 | GS1-115G20.1
5 genes,0.00566448579553347,DSG1 | CTB-32O4.2 | NAV2 | RP11-46H11.12 | GS1-115G20.1
5 genes,0.0369303073430737,DSG1 | GTSE1 | NAV2 | RP11-46H11.12 | GS1-115G20.1
5 genes,0.00341885613092174,NLRX1 | RP11-203J24.8 | AC131097.4 | CTB-32O4.2 | GTSE1
5 genes,0.00190298962489011,NLRX1 | RP11-203J24.8 | AC131097.4 | CTB-32O4.2 | NAV2
5 genes,0.0161022786278889,NLRX1 | RP11-203J24.8 | AC131097.4 | CTB-32O4.2 | RP11-46H11.12
5 genes,0.000507488502438203,NLRX1 | RP11-203J24.8 | AC131097.4 | CTB-32O4.2 | GS1-115G20.1
5 genes,0.015657393430288,NLRX1 | RP11-203J24.8 | AC131097.4 | GTSE1 | NAV2
5 genes,0.0472222201500879,NLRX1 | RP11-203J24.8 | AC131097.4 | GTSE1 | RP11-46H11.12
5 genes,0.0357458277806209,NLRX1 | RP11-203J24.8 | AC131097.4 | GTSE1 | GS1-115G20.1
5 genes,0.00359608471942441,NLRX1 | RP11-203J24.8 | AC131097.4 | NAV2 | RP11-46H11.12
5 genes,0.00125421810675574,NLRX1 | RP11-203J24.8 | AC131097.4 | NAV2 | GS1-115G20.1
5 genes,0.018413782824266,NLRX1 | RP11-203J24.8 | AC131097.4 | RP11-46H11.12 | GS1-115G20.1
5 genes,0.00628265220673296,NLRX1 | RP11-203J24.8 | CTB-32O4.2 | GTSE1 | NAV2
5 genes,0.072574216231771,NLRX1 | RP11-203J24.8 | CTB-32O4.2 | GTSE1 | RP11-46H11.12
5 genes,0.066398274021553,NLRX1 | RP11-203J24.8 | CTB-32O4.2 | GTSE1 | GS1-115G20.1
5 genes,0.0140888001739568,NLRX1 | RP11-203J24.8 | CTB-32O4.2 | NAV2 | RP11-46H11.12
5 genes,0.00131126798223002,NLRX1 | RP11-203J24.8 | CTB-32O4.2 | NAV2 | GS1-115G20.1
5 genes,0.0742271376191264,NLRX1 | RP11-203J24.8 | CTB-32O4.2 | RP11-46H11.12 | GS1-115G20.1
5 genes,0.00678782917462217,NLRX1 | RP11-203J24.8 | GTSE1 | NAV2 | RP11-46H11.12
5 genes,0.0162338186814323,NLRX1 | RP11-203J24.8 | GTSE1 | NAV2 | GS1-115G20.1
5 genes,0.147800674446231,NLRX1 | RP11-203J24.8 | GTSE1 | RP11-46H11.12 | GS1-115G20.1
5 genes,0.0819022546839874,NLRX1 | RP11-203J24.8 | NAV2 | RP11-46H11.12 | GS1-115G20.1
5 genes,0.000443520221890426,NLRX1 | AC131097.4 | CTB-32O4.2 | GTSE1 | NAV2
5 genes,0.0107914195159159,NLRX1 | AC131097.4 | CTB-32O4.2 | GTSE1 | RP11-46H11.12
5 genes,0.0107920759693746,NLRX1 | AC131097.4 | CTB-32O4.2 | GTSE1 | GS1-115G20.1
5 genes,0.000259133851357785,NLRX1 | AC131097.4 | CTB-32O4.2 | NAV2 | RP11-46H11.12
5 genes,0.000359922511796729,NLRX1 | AC131097.4 | CTB-32O4.2 | NAV2 | GS1-115G20.1
5 genes,0.0161569205490251,NLRX1 | AC131097.4 | CTB-32O4.2 | RP11-46H11.12 | GS1-115G20.1
5 genes,0.00543205881201814,NLRX1 | AC131097.4 | GTSE1 | NAV2 | RP11-46H11.12
5 genes,0.0198873366045413,NLRX1 | AC131097.4 | GTSE1 | NAV2 | GS1-115G20.1
5 genes,0.0553428137670536,NLRX1 | AC131097.4 | GTSE1 | RP11-46H11.12 | GS1-115G20.1
5 genes,0.000900943386058395,NLRX1 | AC131097.4 | NAV2 | RP11-46H11.12 | GS1-115G20.1
5 genes,0.00265565412144542,NLRX1 | CTB-32O4.2 | GTSE1 | NAV2 | RP11-46H11.12
5 genes,0.00240276426930408,NLRX1 | CTB-32O4.2 | GTSE1 | NAV2 | GS1-115G20.1
5 genes,0.0961389466707365,NLRX1 | CTB-32O4.2 | GTSE1 | RP11-46H11.12 | GS1-115G20.1
5 genes,0.00681931809746794,NLRX1 | CTB-32O4.2 | NAV2 | RP11-46H11.12 | GS1-115G20.1
5 genes,0.00148002020205973,NLRX1 | GTSE1 | NAV2 | RP11-46H11.12 | GS1-115G20.1
5 genes,0.000616352001673204,RP11-203J24.8 | AC131097.4 | CTB-32O4.2 | GTSE1 | NAV2
5 genes,0.00724129306867471,RP11-203J24.8 | AC131097.4 | CTB-32O4.2 | GTSE1 | RP11-46H11.12
5 genes,0.0250878093989776,RP11-203J24.8 | AC131097.4 | CTB-32O4.2 | GTSE1 | GS1-115G20.1
5 genes,0.000223238456916741,RP11-203J24.8 | AC131097.4 | CTB-32O4.2 | NAV2 | RP11-46H11.12
5 genes,0.00059532302680021,RP11-203J24.8 | AC131097.4 | CTB-32O4.2 | NAV2 | GS1-115G20.1
5 genes,0.00436349284053994,RP11-203J24.8 | AC131097.4 | CTB-32O4.2 | RP11-46H11.12 | GS1-115G20.1
5 genes,0.000552172431218634,RP11-203J24.8 | AC131097.4 | GTSE1 | NAV2 | RP11-46H11.12
5 genes,0.01585613002304,RP11-203J24.8 | AC131097.4 | GTSE1 | NAV2 | GS1-115G20.1
5 genes,0.0091991143003185,RP11-203J24.8 | AC131097.4 | GTSE1 | RP11-46H11.12 | GS1-115G20.1
5 genes,0.0205211538429427,RP11-203J24.8 | AC131097.4 | NAV2 | RP11-46H11.12 | GS1-115G20.1
5 genes,0.00610188319543459,RP11-203J24.8 | CTB-32O4.2 | GTSE1 | NAV2 | RP11-46H11.12
5 genes,0.00504556319190597,RP11-203J24.8 | CTB-32O4.2 | GTSE1 | NAV2 | GS1-115G20.1
5 genes,0.0241062199700091,RP11-203J24.8 | CTB-32O4.2 | GTSE1 | RP11-46H11.12 | GS1-115G20.1
5 genes,0.0225733340837061,RP11-203J24.8 | CTB-32O4.2 | NAV2 | RP11-46H11.12 | GS1-115G20.1
5 genes,0.0048215651661071,RP11-203J24.8 | GTSE1 | NAV2 | RP11-46H11.12 | GS1-115G20.1
5 genes,0.00265896584570358,AC131097.4 | CTB-32O4.2 | GTSE1 | NAV2 | RP11-46H11.12
5 genes,0.00641383469149925,AC131097.4 | CTB-32O4.2 | GTSE1 | NAV2 | GS1-115G20.1
5 genes,0.107872626067545,AC131097.4 | CTB-32O4.2 | GTSE1 | RP11-46H11.12 | GS1-115G20.1
5 genes,0.00196669916801062,AC131097.4 | CTB-32O4.2 | NAV2 | RP11-46H11.12 | GS1-115G20.1
5 genes,0.00523900316379089,AC131097.4 | GTSE1 | NAV2 | RP11-46H11.12 | GS1-115G20.1
5 genes,0.0079150434099915,CTB-32O4.2 | GTSE1 | NAV2 | RP11-46H11.12 | GS1-115G20.1
6 genes,0.00685739236835681,RP11-483E7.1 | DSG1 | NLRX1 | RP11-203J24.8 | AC131097.4 | CTB-32O4.2
6 genes,0.0151147950587818,RP11-483E7.1 | DSG1 | NLRX1 | RP11-203J24.8 | AC131097.4 | GTSE1
6 genes,0.0179276089013601,RP11-483E7.1 | DSG1 | NLRX1 | RP11-203J24.8 | AC131097.4 | NAV2
6 genes,0.0499178973861695,RP11-483E7.1 | DSG1 | NLRX1 | RP11-203J24.8 | AC131097.4 | RP11-46H11.12
6 genes,0.0891799731333488,RP11-483E7.1 | DSG1 | NLRX1 | RP11-203J24.8 | AC131097.4 | GS1-115G20.1
6 genes,0.0021146068155441,RP11-483E7.1 | DSG1 | NLRX1 | RP11-203J24.8 | CTB-32O4.2 | GTSE1
6 genes,0.00115434341946441,RP11-483E7.1 | DSG1 | NLRX1 | RP11-203J24.8 | CTB-32O4.2 | NAV2
6 genes,0.0428687078203041,RP11-483E7.1 | DSG1 | NLRX1 | RP11-203J24.8 | CTB-32O4.2 | RP11-46H11.12
6 genes,0.00141078252138294,RP11-483E7.1 | DSG1 | NLRX1 | RP11-203J24.8 | CTB-32O4.2 | GS1-115G20.1
6 genes,0.0783412273621531,RP11-483E7.1 | DSG1 | NLRX1 | RP11-203J24.8 | GTSE1 | NAV2
6 genes,0.0401872804438896,RP11-483E7.1 | DSG1 | NLRX1 | RP11-203J24.8 | GTSE1 | RP11-46H11.12
6 genes,0.0579966827202216,RP11-483E7.1 | DSG1 | NLRX1 | RP11-203J24.8 | GTSE1 | GS1-115G20.1
6 genes,0.025582344089523,RP11-483E7.1 | DSG1 | NLRX1 | RP11-203J24.8 | NAV2 | RP11-46H11.12
6 genes,0.0660599521742324,RP11-483E7.1 | DSG1 | NLRX1 | RP11-203J24.8 | NAV2 | GS1-115G20.1
6 genes,0.182957370551529,RP11-483E7.1 | DSG1 | NLRX1 | RP11-203J24.8 | RP11-46H11.12 | GS1-115G20.1
6 genes,0.00221516382426301,RP11-483E7.1 | DSG1 | NLRX1 | AC131097.4 | CTB-32O4.2 | GTSE1
6 genes,0.000362401026746006,RP11-483E7.1 | DSG1 | NLRX1 | AC131097.4 | CTB-32O4.2 | NAV2
6 genes,0.00257256014836726,RP11-483E7.1 | DSG1 | NLRX1 | AC131097.4 | CTB-32O4.2 | RP11-46H11.12
6 genes,0.00437251456874366,RP11-483E7.1 | DSG1 | NLRX1 | AC131097.4 | CTB-32O4.2 | GS1-115G20.1
6 genes,0.00200047079503551,RP11-483E7.1 | DSG1 | NLRX1 | AC131097.4 | GTSE1 | NAV2
6 genes,0.00803662994978849,RP11-483E7.1 | DSG1 | NLRX1 | AC131097.4 | GTSE1 | RP11-46H11.12
6 genes,0.0105530685882751,RP11-483E7.1 | DSG1 | NLRX1 | AC131097.4 | GTSE1 | GS1-115G20.1
6 genes,0.00615575457765682,RP11-483E7.1 | DSG1 | NLRX1 | AC131097.4 | NAV2 | RP11-46H11.12
6 genes,0.0143962876571119,RP11-483E7.1 | DSG1 | NLRX1 | AC131097.4 | NAV2 | GS1-115G20.1
6 genes,0.00488746684794505,RP11-483E7.1 | DSG1 | NLRX1 | AC131097.4 | RP11-46H11.12 | GS1-115G20.1
6 genes,0.00802518800375285,RP11-483E7.1 | DSG1 | NLRX1 | CTB-32O4.2 | GTSE1 | NAV2
6 genes,0.0282461544504948,RP11-483E7.1 | DSG1 | NLRX1 | CTB-32O4.2 | GTSE1 | RP11-46H11.12
6 genes,0.00210182347660293,RP11-483E7.1 | DSG1 | NLRX1 | CTB-32O4.2 | GTSE1 | GS1-115G20.1
6 genes,0.00199471440386922,RP11-483E7.1 | DSG1 | NLRX1 | CTB-32O4.2 | NAV2 | RP11-46H11.12
6 genes,0.00362751760148361,RP11-483E7.1 | DSG1 | NLRX1 | CTB-32O4.2 | NAV2 | GS1-115G20.1
6 genes,0.0209481111851948,RP11-483E7.1 | DSG1 | NLRX1 | CTB-32O4.2 | RP11-46H11.12 | GS1-115G20.1
6 genes,0.0462466306712837,RP11-483E7.1 | DSG1 | NLRX1 | GTSE1 | NAV2 | RP11-46H11.12
6 genes,0.029313452867141,RP11-483E7.1 | DSG1 | NLRX1 | GTSE1 | NAV2 | GS1-115G20.1
6 genes,0.0608523227072226,RP11-483E7.1 | DSG1 | NLRX1 | GTSE1 | RP11-46H11.12 | GS1-115G20.1
6 genes,0.0287009819439306,RP11-483E7.1 | DSG1 | NLRX1 | NAV2 | RP11-46H11.12 | GS1-115G20.1
6 genes,0.00123865154872438,RP11-483E7.1 | DSG1 | RP11-203J24.8 | AC131097.4 | CTB-32O4.2 | GTSE1
6 genes,0.00136301767575941,RP11-483E7.1 | DSG1 | RP11-203J24.8 | AC131097.4 | CTB-32O4.2 | NAV2
6 genes,0.00102956951287791,RP11-483E7.1 | DSG1 | RP11-203J24.8 | AC131097.4 | CTB-32O4.2 | RP11-46H11.12
6 genes,0.00124158040709166,RP11-483E7.1 | DSG1 | RP11-203J24.8 | AC131097.4 | CTB-32O4.2 | GS1-115G20.1
6 genes,0.00127724147961339,RP11-483E7.1 | DSG1 | RP11-203J24.8 | AC131097.4 | GTSE1 | NAV2
6 genes,0.0103433317728845,RP11-483E7.1 | DSG1 | RP11-203J24.8 | AC131097.4 | GTSE1 | RP11-46H11.12
6 genes,0.0272625781208716,RP11-483E7.1 | DSG1 | RP11-203J24.8 | AC131097.4 | GTSE1 | GS1-115G20.1
6 genes,0.00648049541548545,RP11-483E7.1 | DSG1 | RP11-203J24.8 | AC131097.4 | NAV2 | RP11-46H11.12
6 genes,0.173272062568531,RP11-483E7.1 | DSG1 | RP11-203J24.8 | AC131097.4 | NAV2 | GS1-115G20.1
6 genes,0.0597389494308833,RP11-483E7.1 | DSG1 | RP11-203J24.8 | AC131097.4 | RP11-46H11.12 | GS1-115G20.1
6 genes,0.00115131542846081,RP11-483E7.1 | DSG1 | RP11-203J24.8 | CTB-32O4.2 | GTSE1 | NAV2
6 genes,0.0055204065109965,RP11-483E7.1 | DSG1 | RP11-203J24.8 | CTB-32O4.2 | GTSE1 | RP11-46H11.12
6 genes,0.0102014438435607,RP11-483E7.1 | DSG1 | RP11-203J24.8 | CTB-32O4.2 | GTSE1 | GS1-115G20.1
6 genes,0.00233235020779743,RP11-483E7.1 | DSG1 | RP11-203J24.8 | CTB-32O4.2 | NAV2 | RP11-46H11.12
6 genes,0.00642237233456533,RP11-483E7.1 | DSG1 | RP11-203J24.8 | CTB-32O4.2 | NAV2 | GS1-115G20.1
6 genes,0.00615297686717386,RP11-483E7.1 | DSG1 | RP11-203J24.8 | CTB-32O4.2 | RP11-46H11.12 | GS1-115G20.1
6 genes,0.0148875039555494,RP11-483E7.1 | DSG1 | RP11-203J24.8 | GTSE1 | NAV2 | RP11-46H11.12
6 genes,0.0348733675560148,RP11-483E7.1 | DSG1 | RP11-203J24.8 | GTSE1 | NAV2 | GS1-115G20.1
6 genes,0.0581099109387128,RP11-483E7.1 | DSG1 | RP11-203J24.8 | GTSE1 | RP11-46H11.12 | GS1-115G20.1
6 genes,0.0279469778802927,RP11-483E7.1 | DSG1 | RP11-203J24.8 | NAV2 | RP11-46H11.12 | GS1-115G20.1
6 genes,0.000420793631384808,RP11-483E7.1 | DSG1 | AC131097.4 | CTB-32O4.2 | GTSE1 | NAV2
6 genes,0.00398286723795649,RP11-483E7.1 | DSG1 | AC131097.4 | CTB-32O4.2 | GTSE1 | RP11-46H11.12
6 genes,0.000983432227692482,RP11-483E7.1 | DSG1 | AC131097.4 | CTB-32O4.2 | GTSE1 | GS1-115G20.1
6 genes,0.000455025971031975,RP11-483E7.1 | DSG1 | AC131097.4 | CTB-32O4.2 | NAV2 | RP11-46H11.12
6 genes,0.017756374606045,RP11-483E7.1 | DSG1 | AC131097.4 | CTB-32O4.2 | NAV2 | GS1-115G20.1
6 genes,0.00730407444764458,RP11-483E7.1 | DSG1 | AC131097.4 | CTB-32O4.2 | RP11-46H11.12 | GS1-115G20.1
6 genes,0.00330850507943481,RP11-483E7.1 | DSG1 | AC131097.4 | GTSE1 | NAV2 | RP11-46H11.12
6 genes,0.0263310138541767,RP11-483E7.1 | DSG1 | AC131097.4 | GTSE1 | NAV2 | GS1-115G20.1
6 genes,0.0256232708157814,RP11-483E7.1 | DSG1 | AC131097.4 | GTSE1 | RP11-46H11.12 | GS1-115G20.1
6 genes,0.0124891130268412,RP11-483E7.1 | DSG1 | AC131097.4 | NAV2 | RP11-46H11.12 | GS1-115G20.1
6 genes,0.000363894440463031,RP11-483E7.1 | DSG1 | CTB-32O4.2 | GTSE1 | NAV2 | RP11-46H11.12
6 genes,0.00253967723892412,RP11-483E7.1 | DSG1 | CTB-32O4.2 | GTSE1 | NAV2 | GS1-115G20.1
6 genes,0.0923968774285188,RP11-483E7.1 | DSG1 | CTB-32O4.2 | GTSE1 | RP11-46H11.12 | GS1-115G20.1
6 genes,0.000828921638534874,RP11-483E7.1 | DSG1 | CTB-32O4.2 | NAV2 | RP11-46H11.12 | GS1-115G20.1
6 genes,0.0207242112173989,RP11-483E7.1 | DSG1 | GTSE1 | NAV2 | RP11-46H11.12 | GS1-115G20.1
6 genes,0.000564524037730441,RP11-483E7.1 | NLRX1 | RP11-203J24.8 | AC131097.4 | CTB-32O4.2 | GTSE1
6 genes,0.0008041625436358,RP11-483E7.1 | NLRX1 | RP11-203J24.8 | AC131097.4 | CTB-32O4.2 | NAV2
6 genes,0.00747334484916085,RP11-483E7.1 | NLRX1 | RP11-203J24.8 | AC131097.4 | CTB-32O4.2 | RP11-46H11.12
6 genes,0.000905648401212544,RP11-483E7.1 | NLRX1 | RP11-203J24.8 | AC131097.4 | CTB-32O4.2 | GS1-115G20.1
6 genes,0.00392912133167134,RP11-483E7.1 | NLRX1 | RP11-203J24.8 | AC131097.4 | GTSE1 | NAV2
6 genes,0.00163570993720785,RP11-483E7.1 | NLRX1 | RP11-203J24.8 | AC131097.4 | GTSE1 | RP11-46H11.12
6 genes,0.0107851219008559,RP11-483E7.1 | NLRX1 | RP11-203J24.8 | AC131097.4 | GTSE1 | GS1-115G20.1
6 genes,0.0258819961747291,RP11-483E7.1 | NLRX1 | RP11-203J24.8 | AC131097.4 | NAV2 | RP11-46H11.12
6 genes,0.0793112564525267,RP11-483E7.1 | NLRX1 | RP11-203J24.8 | AC131097.4 | NAV2 | GS1-115G20.1
6 genes,0.00556301773188939,RP11-483E7.1 | NLRX1 | RP11-203J24.8 | AC131097.4 | RP11-46H11.12 | GS1-115G20.1
6 genes,0.000409621143946715,RP11-483E7.1 | NLRX1 | RP11-203J24.8 | CTB-32O4.2 | GTSE1 | NAV2
6 genes,0.0180311549751493,RP11-483E7.1 | NLRX1 | RP11-203J24.8 | CTB-32O4.2 | GTSE1 | RP11-46H11.12
6 genes,0.000476974190412816,RP11-483E7.1 | NLRX1 | RP11-203J24.8 | CTB-32O4.2 | GTSE1 | GS1-115G20.1
6 genes,0.000714963514443667,RP11-483E7.1 | NLRX1 | RP11-203J24.8 | CTB-32O4.2 | NAV2 | RP11-46H11.12
6 genes,0.000948417197794482,RP11-483E7.1 | NLRX1 | RP11-203J24.8 | CTB-32O4.2 | NAV2 | GS1-115G20.1
6 genes,0.0134788379030698,RP11-483E7.1 | NLRX1 | RP11-203J24.8 | CTB-32O4.2 | RP11-46H11.12 | GS1-115G20.1
6 genes,0.0135108857219374,RP11-483E7.1 | NLRX1 | RP11-203J24.8 | GTSE1 | NAV2 | RP11-46H11.12
6 genes,0.0127075253935484,RP11-483E7.1 | NLRX1 | RP11-203J24.8 | GTSE1 | NAV2 | GS1-115G20.1
6 genes,0.00614871488159063,RP11-483E7.1 | NLRX1 | RP11-203J24.8 | GTSE1 | RP11-46H11.12 | GS1-115G20.1
6 genes,0.00769497627517657,RP11-483E7.1 | NLRX1 | RP11-203J24.8 | NAV2 | RP11-46H11.12 | GS1-115G20.1
6 genes,0.000210974174476131,RP11-483E7.1 | NLRX1 | AC131097.4 | CTB-32O4.2 | GTSE1 | NAV2
6 genes,0.00253395587753713,RP11-483E7.1 | NLRX1 | AC131097.4 | CTB-32O4.2 | GTSE1 | RP11-46H11.12
6 genes,0.00975191345496484,RP11-483E7.1 | NLRX1 | AC131097.4 | CTB-32O4.2 | GTSE1 | GS1-115G20.1
6 genes,0.000154584621337439,RP11-483E7.1 | NLRX1 | AC131097.4 | CTB-32O4.2 | NAV2 | RP11-46H11.12
6 genes,0.000233710085676186,RP11-483E7.1 | NLRX1 | AC131097.4 | CTB-32O4.2 | NAV2 | GS1-115G20.1
6 genes,0.0188948610884737,RP11-483E7.1 | NLRX1 | AC131097.4 | CTB-32O4.2 | RP11-46H11.12 | GS1-115G20.1
6 genes,0.00220072490533918,RP11-483E7.1 | NLRX1 | AC131097.4 | GTSE1 | NAV2 | RP11-46H11.12
6 genes,0.0155354685314245,RP11-483E7.1 | NLRX1 | AC131097.4 | GTSE1 | NAV2 | GS1-115G20.1
6 genes,0.0166056708590999,RP11-483E7.1 | NLRX1 | AC131097.4 | GTSE1 | RP11-46H11.12 | GS1-115G20.1
6 genes,0.00544133824750459,RP11-483E7.1 | NLRX1 | AC131097.4 | NAV2 | RP11-46H11.12 | GS1-115G20.1
6 genes,0.00449316525859766,RP11-483E7.1 | NLRX1 | CTB-32O4.2 | GTSE1 | NAV2 | RP11-46H11.12
6 genes,0.00135502181454594,RP11-483E7.1 | NLRX1 | CTB-32O4.2 | GTSE1 | NAV2 | GS1-115G20.1
6 genes,0.0194458444629055,RP11-483E7.1 | NLRX1 | CTB-32O4.2 | GTSE1 | RP11-46H11.12 | GS1-115G20.1
6 genes,0.00175993634243143,RP11-483E7.1 | NLRX1 | CTB-32O4.2 | NAV2 | RP11-46H11.12 | GS1-115G20.1
6 genes,0.0137096991851383,RP11-483E7.1 | NLRX1 | GTSE1 | NAV2 | RP11-46H11.12 | GS1-115G20.1
6 genes,0.000280918816231046,RP11-483E7.1 | RP11-203J24.8 | AC131097.4 | CTB-32O4.2 | GTSE1 | NAV2
6 genes,0.000188486391510923,RP11-483E7.1 | RP11-203J24.8 | AC131097.4 | CTB-32O4.2 | GTSE1 | RP11-46H11.12
6 genes,0.00414731727121109,RP11-483E7.1 | RP11-203J24.8 | AC131097.4 | CTB-32O4.2 | GTSE1 | GS1-115G20.1
6 genes,0.000135285908241967,RP11-483E7.1 | RP11-203J24.8 | AC131097.4 | CTB-32O4.2 | NAV2 | RP11-46H11.12
6 genes,0.000324097626277609,RP11-483E7.1 | RP11-203J24.8 | AC131097.4 | CTB-32O4.2 | NAV2 | GS1-115G20.1
6 genes,0.00130328464521856,RP11-483E7.1 | RP11-203J24.8 | AC131097.4 | CTB-32O4.2 | RP11-46H11.12 | GS1-115G20.1
6 genes,0.0012033141845984,RP11-483E7.1 | RP11-203J24.8 | AC131097.4 | GTSE1 | NAV2 | RP11-46H11.12
6 genes,0.0010242580475448,RP11-483E7.1 | RP11-203J24.8 | AC131097.4 | GTSE1 | NAV2 | GS1-115G20.1
6 genes,0.00157516600231478,RP11-483E7.1 | RP11-203J24.8 | AC131097.4 | GTSE1 | RP11-46H11.12 | GS1-115G20.1
6 genes,0.00347131659815803,RP11-483E7.1 | RP11-203J24.8 | AC131097.4 | NAV2 | RP11-46H11.12 | GS1-115G20.1
6 genes,0.000146086801251388,RP11-483E7.1 | RP11-203J24.8 | CTB-32O4.2 | GTSE1 | NAV2 | RP11-46H11.12
6 genes,0.000140969473242825,RP11-483E7.1 | RP11-203J24.8 | CTB-32O4.2 | GTSE1 | NAV2 | GS1-115G20.1
6 genes,0.00426005412576103,RP11-483E7.1 | RP11-203J24.8 | CTB-32O4.2 | GTSE1 | RP11-46H11.12 | GS1-115G20.1
6 genes,0.000925962963750915,RP11-483E7.1 | RP11-203J24.8 | CTB-32O4.2 | NAV2 | RP11-46H11.12 | GS1-115G20.1
6 genes,0.00510535152852154,RP11-483E7.1 | RP11-203J24.8 | GTSE1 | NAV2 | RP11-46H11.12 | GS1-115G20.1
6 genes,0.000109039124726262,RP11-483E7.1 | AC131097.4 | CTB-32O4.2 | GTSE1 | NAV2 | RP11-46H11.12
6 genes,9.31469934577489e-05,RP11-483E7.1 | AC131097.4 | CTB-32O4.2 | GTSE1 | NAV2 | GS1-115G20.1
6 genes,0.00319018742825095,RP11-483E7.1 | AC131097.4 | CTB-32O4.2 | GTSE1 | RP11-46H11.12 | GS1-115G20.1
6 genes,0.000745683461033875,RP11-483E7.1 | AC131097.4 | CTB-32O4.2 | NAV2 | RP11-46H11.12 | GS1-115G20.1
6 genes,0.00136362056714967,RP11-483E7.1 | AC131097.4 | GTSE1 | NAV2 | RP11-46H11.12 | GS1-115G20.1
6 genes,0.0015333774712748,RP11-483E7.1 | CTB-32O4.2 | GTSE1 | NAV2 | RP11-46H11.12 | GS1-115G20.1
6 genes,0.00698594197921798,DSG1 | NLRX1 | RP11-203J24.8 | AC131097.4 | CTB-32O4.2 | GTSE1
6 genes,0.000442329584983581,DSG1 | NLRX1 | RP11-203J24.8 | AC131097.4 | CTB-32O4.2 | NAV2
6 genes,0.00687643133325533,DSG1 | NLRX1 | RP11-203J24.8 | AC131097.4 | CTB-32O4.2 | RP11-46H11.12
6 genes,0.0109591696154919,DSG1 | NLRX1 | RP11-203J24.8 | AC131097.4 | CTB-32O4.2 | GS1-115G20.1
6 genes,0.00949772486784561,DSG1 | NLRX1 | RP11-203J24.8 | AC131097.4 | GTSE1 | NAV2
6 genes,0.00891518120873225,DSG1 | NLRX1 | RP11-203J24.8 | AC131097.4 | GTSE1 | RP11-46H11.12
6 genes,0.0474040566731571,DSG1 | NLRX1 | RP11-203J24.8 | AC131097.4 | GTSE1 | GS1-115G20.1
6 genes,0.0742434041153154,DSG1 | NLRX1 | RP11-203J24.8 | AC131097.4 | NAV2 | RP11-46H11.12
6 genes,0.0019569334721139,DSG1 | NLRX1 | RP11-203J24.8 | AC131097.4 | NAV2 | GS1-115G20.1
6 genes,0.0782204924434798,DSG1 | NLRX1 | RP11-203J24.8 | AC131097.4 | RP11-46H11.12 | GS1-115G20.1
6 genes,0.00852716430527223,DSG1 | NLRX1 | RP11-203J24.8 | CTB-32O4.2 | GTSE1 | NAV2
6 genes,0.0282699401249457,DSG1 | NLRX1 | RP11-203J24.8 | CTB-32O4.2 | GTSE1 | RP11-46H11.12
6 genes,0.0645727392200871,DSG1 | NLRX1 | RP11-203J24.8 | CTB-32O4.2 | GTSE1 | GS1-115G20.1
6 genes,0.0074984095152788,DSG1 | NLRX1 | RP11-203J24.8 | CTB-32O4.2 | NAV2 | RP11-46H11.12
6 genes,0.00268042546954339,DSG1 | NLRX1 | RP11-203J24.8 | CTB-32O4.2 | NAV2 | GS1-115G20.1
6 genes,0.0119994337822116,DSG1 | NLRX1 | RP11-203J24.8 | CTB-32O4.2 | RP11-46H11.12 | GS1-115G20.1
6 genes,0.0208060960598333,DSG1 | NLRX1 | RP11-203J24.8 | GTSE1 | NAV2 | RP11-46H11.12
6 genes,0.0276233905046572,DSG1 | NLRX1 | RP11-203J24.8 | GTSE1 | NAV2 | GS1-115G20.1
6 genes,0.168661134590427,DSG1 | NLRX1 | RP11-203J24.8 | GTSE1 | RP11-46H11.12 | GS1-115G20.1
6 genes,0.0234845733331539,DSG1 | NLRX1 | RP11-203J24.8 | NAV2 | RP11-46H11.12 | GS1-115G20.1
6 genes,0.00115852645111081,DSG1 | NLRX1 | AC131097.4 | CTB-32O4.2 | GTSE1 | NAV2
6 genes,0.00780764864228445,DSG1 | NLRX1 | AC131097.4 | CTB-32O4.2 | GTSE1 | RP11-46H11.12
6 genes,0.00175236405132861,DSG1 | NLRX1 | AC131097.4 | CTB-32O4.2 | GTSE1 | GS1-115G20.1
6 genes,0.00187647890109255,DSG1 | NLRX1 | AC131097.4 | CTB-32O4.2 | NAV2 | RP11-46H11.12
6 genes,0.00103279653247834,DSG1 | NLRX1 | AC131097.4 | CTB-32O4.2 | NAV2 | GS1-115G20.1
6 genes,0.00274741259288369,DSG1 | NLRX1 | AC131097.4 | CTB-32O4.2 | RP11-46H11.12 | GS1-115G20.1
6 genes,0.00212427482213395,DSG1 | NLRX1 | AC131097.4 | GTSE1 | NAV2 | RP11-46H11.12
6 genes,0.00693709974408674,DSG1 | NLRX1 | AC131097.4 | GTSE1 | NAV2 | GS1-115G20.1
6 genes,0.00596137706022815,DSG1 | NLRX1 | AC131097.4 | GTSE1 | RP11-46H11.12 | GS1-115G20.1
6 genes,0.0023597241971719,DSG1 | NLRX1 | AC131097.4 | NAV2 | RP11-46H11.12 | GS1-115G20.1
6 genes,0.00891388079992228,DSG1 | NLRX1 | CTB-32O4.2 | GTSE1 | NAV2 | RP11-46H11.12
6 genes,0.00160688219102023,DSG1 | NLRX1 | CTB-32O4.2 | GTSE1 | NAV2 | GS1-115G20.1
6 genes,0.0777099096752381,DSG1 | NLRX1 | CTB-32O4.2 | GTSE1 | RP11-46H11.12 | GS1-115G20.1
6 genes,0.00887677737155401,DSG1 | NLRX1 | CTB-32O4.2 | NAV2 | RP11-46H11.12 | GS1-115G20.1
6 genes,0.0629587508708557,DSG1 | NLRX1 | GTSE1 | NAV2 | RP11-46H11.12 | GS1-115G20.1
6 genes,0.00135261987214574,DSG1 | RP11-203J24.8 | AC131097.4 | CTB-32O4.2 | GTSE1 | NAV2
6 genes,0.00789720485207535,DSG1 | RP11-203J24.8 | AC131097.4 | CTB-32O4.2 | GTSE1 | RP11-46H11.12
6 genes,0.0210006171153504,DSG1 | RP11-203J24.8 | AC131097.4 | CTB-32O4.2 | GTSE1 | GS1-115G20.1
6 genes,0.00365838576430488,DSG1 | RP11-203J24.8 | AC131097.4 | CTB-32O4.2 | NAV2 | RP11-46H11.12
6 genes,0.00103109144734015,DSG1 | RP11-203J24.8 | AC131097.4 | CTB-32O4.2 | NAV2 | GS1-115G20.1
6 genes,0.00265447702522592,DSG1 | RP11-203J24.8 | AC131097.4 | CTB-32O4.2 | RP11-46H11.12 | GS1-115G20.1
6 genes,0.00379242591010931,DSG1 | RP11-203J24.8 | AC131097.4 | GTSE1 | NAV2 | RP11-46H11.12
6 genes,0.0218678683629641,DSG1 | RP11-203J24.8 | AC131097.4 | GTSE1 | NAV2 | GS1-115G20.1
6 genes,0.00409224649753981,DSG1 | RP11-203J24.8 | AC131097.4 | GTSE1 | RP11-46H11.12 | GS1-115G20.1
6 genes,0.0156900682354538,DSG1 | RP11-203J24.8 | AC131097.4 | NAV2 | RP11-46H11.12 | GS1-115G20.1
6 genes,0.00664445485289111,DSG1 | RP11-203J24.8 | CTB-32O4.2 | GTSE1 | NAV2 | RP11-46H11.12
6 genes,0.0073877998907147,DSG1 | RP11-203J24.8 | CTB-32O4.2 | GTSE1 | NAV2 | GS1-115G20.1
6 genes,0.128884821081223,DSG1 | RP11-203J24.8 | CTB-32O4.2 | GTSE1 | RP11-46H11.12 | GS1-115G20.1
6 genes,0.0293532851455083,DSG1 | RP11-203J24.8 | CTB-32O4.2 | NAV2 | RP11-46H11.12 | GS1-115G20.1
6 genes,0.051052941662817,DSG1 | RP11-203J24.8 | GTSE1 | NAV2 | RP11-46H11.12 | GS1-115G20.1
6 genes,0.000916542706096868,DSG1 | AC131097.4 | CTB-32O4.2 | GTSE1 | NAV2 | RP11-46H11.12
6 genes,0.00254454733560394,DSG1 | AC131097.4 | CTB-32O4.2 | GTSE1 | NAV2 | GS1-115G20.1
6 genes,0.0310406219908412,DSG1 | AC131097.4 | CTB-32O4.2 | GTSE1 | RP11-46H11.12 | GS1-115G20.1
6 genes,0.00324958587486623,DSG1 | AC131097.4 | CTB-32O4.2 | NAV2 | RP11-46H11.12 | GS1-115G20.1
6 genes,0.0222686026358381,DSG1 | AC131097.4 | GTSE1 | NAV2 | RP11-46H11.12 | GS1-115G20.1
6 genes,0.0209945881672653,DSG1 | CTB-32O4.2 | GTSE1 | NAV2 | RP11-46H11.12 | GS1-115G20.1
6 genes,0.00123645752197055,NLRX1 | RP11-203J24.8 | AC131097.4 | CTB-32O4.2 | GTSE1 | NAV2
6 genes,0.0223178332353923,NLRX1 | RP11-203J24.8 | AC131097.4 | CTB-32O4.2 | GTSE1 | RP11-46H11.12
6 genes,0.00235538671097946,NLRX1 | RP11-203J24.8 | AC131097.4 | CTB-32O4.2 | GTSE1 | GS1-115G20.1
6 genes,0.00162928310502031,NLRX1 | RP11-203J24.8 | AC131097.4 | CTB-32O4.2 | NAV2 | RP11-46H11.12
6 genes,0.00201694648962214,NLRX1 | RP11-203J24.8 | AC131097.4 | CTB-32O4.2 | NAV2 | GS1-115G20.1
6 genes,0.0327290144736015,NLRX1 | RP11-203J24.8 | AC131097.4 | CTB-32O4.2 | RP11-46H11.12 | GS1-115G20.1
6 genes,0.00271536573652209,NLRX1 | RP11-203J24.8 | AC131097.4 | GTSE1 | NAV2 | RP11-46H11.12
6 genes,0.0157901108464535,NLRX1 | RP11-203J24.8 | AC131097.4 | GTSE1 | NAV2 | GS1-115G20.1
6 genes,0.0168685987575211,NLRX1 | RP11-203J24.8 | AC131097.4 | GTSE1 | RP11-46H11.12 | GS1-115G20.1
6 genes,0.00505518798693561,NLRX1 | RP11-203J24.8 | AC131097.4 | NAV2 | RP11-46H11.12 | GS1-115G20.1
6 genes,0.00660908281737094,NLRX1 | RP11-203J24.8 | CTB-32O4.2 | GTSE1 | NAV2 | RP11-46H11.12
6 genes,0.00495681387112135,NLRX1 | RP11-203J24.8 | CTB-32O4.2 | GTSE1 | NAV2 | GS1-115G20.1
6 genes,0.0829445560679072,NLRX1 | RP11-203J24.8 | CTB-32O4.2 | GTSE1 | RP11-46H11.12 | GS1-115G20.1
6 genes,0.0068121124469438,NLRX1 | RP11-203J24.8 | CTB-32O4.2 | NAV2 | RP11-46H11.12 | GS1-115G20.1
6 genes,0.00359157404408172,NLRX1 | RP11-203J24.8 | GTSE1 | NAV2 | RP11-46H11.12 | GS1-115G20.1
6 genes,0.000629374475490274,NLRX1 | AC131097.4 | CTB-32O4.2 | GTSE1 | NAV2 | RP11-46H11.12
6 genes,0.000359922511796729,NLRX1 | AC131097.4 | CTB-32O4.2 | GTSE1 | NAV2 | GS1-115G20.1
6 genes,0.0112826846508011,NLRX1 | AC131097.4 | CTB-32O4.2 | GTSE1 | RP11-46H11.12 | GS1-115G20.1
6 genes,0.00024789557018734,NLRX1 | AC131097.4 | CTB-32O4.2 | NAV2 | RP11-46H11.12 | GS1-115G20.1
6 genes,0.00149102112550903,NLRX1 | AC131097.4 | GTSE1 | NAV2 | RP11-46H11.12 | GS1-115G20.1
6 genes,0.0065348459672131,NLRX1 | CTB-32O4.2 | GTSE1 | NAV2 | RP11-46H11.12 | GS1-115G20.1
6 genes,0.000320670703536474,RP11-203J24.8 | AC131097.4 | CTB-32O4.2 | GTSE1 | NAV2 | RP11-46H11.12
6 genes,0.000616352001673204,RP11-203J24.8 | AC131097.4 | CTB-32O4.2 | GTSE1 | NAV2 | GS1-115G20.1
6 genes,0.00225470482565793,RP11-203J24.8 | AC131097.4 | CTB-32O4.2 | GTSE1 | RP11-46H11.12 | GS1-115G20.1
6 genes,0.00127918792804016,RP11-203J24.8 | AC131097.4 | CTB-32O4.2 | NAV2 | RP11-46H11.12 | GS1-115G20.1
6 genes,0.000552172431218634,RP11-203J24.8 | AC131097.4 | GTSE1 | NAV2 | RP11-46H11.12 | GS1-115G20.1
6 genes,0.00582037443302108,RP11-203J24.8 | CTB-32O4.2 | GTSE1 | NAV2 | RP11-46H11.12 | GS1-115G20.1
6 genes,0.00520073180360592,AC131097.4 | CTB-32O4.2 | GTSE1 | NAV2 | RP11-46H11.12 | GS1-115G20.1
7 genes,0.00898973879371079,RP11-483E7.1 | DSG1 | NLRX1 | RP11-203J24.8 | AC131097.4 | CTB-32O4.2 | GTSE1
7 genes,0.000995222683051966,RP11-483E7.1 | DSG1 | NLRX1 | RP11-203J24.8 | AC131097.4 | CTB-32O4.2 | NAV2
7 genes,0.00336260696604251,RP11-483E7.1 | DSG1 | NLRX1 | RP11-203J24.8 | AC131097.4 | CTB-32O4.2 | RP11-46H11.12
7 genes,0.00198109968162774,RP11-483E7.1 | DSG1 | NLRX1 | RP11-203J24.8 | AC131097.4 | CTB-32O4.2 | GS1-115G20.1
7 genes,0.00466245486149908,RP11-483E7.1 | DSG1 | NLRX1 | RP11-203J24.8 | AC131097.4 | GTSE1 | NAV2
7 genes,0.00253288122128403,RP11-483E7.1 | DSG1 | NLRX1 | RP11-203J24.8 | AC131097.4 | GTSE1 | RP11-46H11.12
7 genes,0.0126144585108212,RP11-483E7.1 | DSG1 | NLRX1 | RP11-203J24.8 | AC131097.4 | GTSE1 | GS1-115G20.1
7 genes,0.0639951503934544,RP11-483E7.1 | DSG1 | NLRX1 | RP11-203J24.8 | AC131097.4 | NAV2 | RP11-46H11.12
7 genes,0.0161282266392444,RP11-483E7.1 | DSG1 | NLRX1 | RP11-203J24.8 | AC131097.4 | NAV2 | GS1-115G20.1
7 genes,0.0499178973861695,RP11-483E7.1 | DSG1 | NLRX1 | RP11-203J24.8 | AC131097.4 | RP11-46H11.12 | GS1-115G20.1
7 genes,0.000995222683051966,RP11-483E7.1 | DSG1 | NLRX1 | RP11-203J24.8 | CTB-32O4.2 | GTSE1 | NAV2
7 genes,0.0118448747930304,RP11-483E7.1 | DSG1 | NLRX1 | RP11-203J24.8 | CTB-32O4.2 | GTSE1 | RP11-46H11.12
7 genes,0.00267272572081367,RP11-483E7.1 | DSG1 | NLRX1 | RP11-203J24.8 | CTB-32O4.2 | GTSE1 | GS1-115G20.1
7 genes,0.0051986386929207,RP11-483E7.1 | DSG1 | NLRX1 | RP11-203J24.8 | CTB-32O4.2 | NAV2 | RP11-46H11.12
7 genes,0.00115434341946441,RP11-483E7.1 | DSG1 | NLRX1 | RP11-203J24.8 | CTB-32O4.2 | NAV2 | GS1-115G20.1
7 genes,0.0115046178561128,RP11-483E7.1 | DSG1 | NLRX1 | RP11-203J24.8 | CTB-32O4.2 | RP11-46H11.12 | GS1-115G20.1
7 genes,0.0868024257734858,RP11-483E7.1 | DSG1 | NLRX1 | RP11-203J24.8 | GTSE1 | NAV2 | RP11-46H11.12
7 genes,0.0186670160057132,RP11-483E7.1 | DSG1 | NLRX1 | RP11-203J24.8 | GTSE1 | NAV2 | GS1-115G20.1
7 genes,0.0983290801541737,RP11-483E7.1 | DSG1 | NLRX1 | RP11-203J24.8 | GTSE1 | RP11-46H11.12 | GS1-115G20.1
7 genes,0.00672893482577952,RP11-483E7.1 | DSG1 | NLRX1 | RP11-203J24.8 | NAV2 | RP11-46H11.12 | GS1-115G20.1
7 genes,0.000166538005180739,RP11-483E7.1 | DSG1 | NLRX1 | AC131097.4 | CTB-32O4.2 | GTSE1 | NAV2
7 genes,0.000174651467487075,RP11-483E7.1 | DSG1 | NLRX1 | AC131097.4 | CTB-32O4.2 | GTSE1 | RP11-46H11.12
7 genes,0.00221516382426301,RP11-483E7.1 | DSG1 | NLRX1 | AC131097.4 | CTB-32O4.2 | GTSE1 | GS1-115G20.1
7 genes,0.00174381022878345,RP11-483E7.1 | DSG1 | NLRX1 | AC131097.4 | CTB-32O4.2 | NAV2 | RP11-46H11.12
7 genes,0.000464078902137066,RP11-483E7.1 | DSG1 | NLRX1 | AC131097.4 | CTB-32O4.2 | NAV2 | GS1-115G20.1
7 genes,0.00480606676679107,RP11-483E7.1 | DSG1 | NLRX1 | AC131097.4 | CTB-32O4.2 | RP11-46H11.12 | GS1-115G20.1
7 genes,0.00333356220875658,RP11-483E7.1 | DSG1 | NLRX1 | AC131097.4 | GTSE1 | NAV2 | RP11-46H11.12
7 genes,0.044481514512741,RP11-483E7.1 | DSG1 | NLRX1 | AC131097.4 | GTSE1 | NAV2 | GS1-115G20.1
7 genes,0.015440889519771,RP11-483E7.1 | DSG1 | NLRX1 | AC131097.4 | GTSE1 | RP11-46H11.12 | GS1-115G20.1
7 genes,0.00447976294216956,RP11-483E7.1 | DSG1 | NLRX1 | AC131097.4 | NAV2 | RP11-46H11.12 | GS1-115G20.1
7 genes,0.0029860636705924,RP11-483E7.1 | DSG1 | NLRX1 | CTB-32O4.2 | GTSE1 | NAV2 | RP11-46H11.12
7 genes,0.00238849125481788,RP11-483E7.1 | DSG1 | NLRX1 | CTB-32O4.2 | GTSE1 | NAV2 | GS1-115G20.1
7 genes,0.00765783950235088,RP11-483E7.1 | DSG1 | NLRX1 | CTB-32O4.2 | GTSE1 | RP11-46H11.12 | GS1-115G20.1
7 genes,0.00236491831030639,RP11-483E7.1 | DSG1 | NLRX1 | CTB-32O4.2 | NAV2 | RP11-46H11.12 | GS1-115G20.1
7 genes,0.013852092036186,RP11-483E7.1 | DSG1 | NLRX1 | GTSE1 | NAV2 | RP11-46H11.12 | GS1-115G20.1
7 genes,0.00198377340604616,RP11-483E7.1 | DSG1 | RP11-203J24.8 | AC131097.4 | CTB-32O4.2 | GTSE1 | NAV2
7 genes,0.00122321518846258,RP11-483E7.1 | DSG1 | RP11-203J24.8 | AC131097.4 | CTB-32O4.2 | GTSE1 | RP11-46H11.12
7 genes,0.00186580944995918,RP11-483E7.1 | DSG1 | RP11-203J24.8 | AC131097.4 | CTB-32O4.2 | GTSE1 | GS1-115G20.1
7 genes,0.00211130536281701,RP11-483E7.1 | DSG1 | RP11-203J24.8 | AC131097.4 | CTB-32O4.2 | NAV2 | RP11-46H11.12
7 genes,0.00136301767575941,RP11-483E7.1 | DSG1 | RP11-203J24.8 | AC131097.4 | CTB-32O4.2 | NAV2 | GS1-115G20.1
7 genes,0.00549213924314407,RP11-483E7.1 | DSG1 | RP11-203J24.8 | AC131097.4 | CTB-32O4.2 | RP11-46H11.12 | GS1-115G20.1
7 genes,0.00859078073281949,RP11-483E7.1 | DSG1 | RP11-203J24.8 | AC131097.4 | GTSE1 | NAV2 | RP11-46H11.12
7 genes,0.00520812428672202,RP11-483E7.1 | DSG1 | RP11-203J24.8 | AC131097.4 | GTSE1 | NAV2 | GS1-115G20.1
7 genes,0.0103433317728845,RP11-483E7.1 | DSG1 | RP11-203J24.8 | AC131097.4 | GTSE1 | RP11-46H11.12 | GS1-115G20.1
7 genes,0.021717429484064,RP11-483E7.1 | DSG1 | RP11-203J24.8 | AC131097.4 | NAV2 | RP11-46H11.12 | GS1-115G20.1
7 genes,0.00035188616195625,RP11-483E7.1 | DSG1 | RP11-203J24.8 | CTB-32O4.2 | GTSE1 | NAV2 | RP11-46H11.12
7 genes,0.00115131542846081,RP11-483E7.1 | DSG1 | RP11-203J24.8 | CTB-32O4.2 | GTSE1 | NAV2 | GS1-115G20.1
7 genes,0.0055204065109965,RP11-483E7.1 | DSG1 | RP11-203J24.8 | CTB-32O4.2 | GTSE1 | RP11-46H11.12 | GS1-115G20.1
7 genes,0.00181693296782448,RP11-483E7.1 | DSG1 | RP11-203J24.8 | CTB-32O4.2 | NAV2 | RP11-46H11.12 | GS1-115G20.1
7 genes,0.01139137023593,RP11-483E7.1 | DSG1 | RP11-203J24.8 | GTSE1 | NAV2 | RP11-46H11.12 | GS1-115G20.1
7 genes,2.95996266376219e-05,RP11-483E7.1 | DSG1 | AC131097.4 | CTB-32O4.2 | GTSE1 | NAV2 | RP11-46H11.12
7 genes,0.000456393120968901,RP11-483E7.1 | DSG1 | AC131097.4 | CTB-32O4.2 | GTSE1 | NAV2 | GS1-115G20.1
7 genes,0.00426214264394664,RP11-483E7.1 | DSG1 | AC131097.4 | CTB-32O4.2 | GTSE1 | RP11-46H11.12 | GS1-115G20.1
7 genes,0.000291959490954619,RP11-483E7.1 | DSG1 | AC131097.4 | CTB-32O4.2 | NAV2 | RP11-46H11.12 | GS1-115G20.1
7 genes,0.00108034714756466,RP11-483E7.1 | DSG1 | AC131097.4 | GTSE1 | NAV2 | RP11-46H11.12 | GS1-115G20.1
7 genes,0.000521015797709024,RP11-483E7.1 | DSG1 | CTB-32O4.2 | GTSE1 | NAV2 | RP11-46H11.12 | GS1-115G20.1
7 genes,0.000757931868849759,RP11-483E7.1 | NLRX1 | RP11-203J24.8 | AC131097.4 | CTB-32O4.2 | GTSE1 | NAV2
7 genes,0.00904372407382625,RP11-483E7.1 | NLRX1 | RP11-203J24.8 | AC131097.4 | CTB-32O4.2 | GTSE1 | RP11-46H11.12
7 genes,0.00445582563775548,RP11-483E7.1 | NLRX1 | RP11-203J24.8 | AC131097.4 | CTB-32O4.2 | GTSE1 | GS1-115G20.1
7 genes,0.000526981445766128,RP11-483E7.1 | NLRX1 | RP11-203J24.8 | AC131097.4 | CTB-32O4.2 | NAV2 | RP11-46H11.12
7 genes,7.5846286891168e-05,RP11-483E7.1 | NLRX1 | RP11-203J24.8 | AC131097.4 | CTB-32O4.2 | NAV2 | GS1-115G20.1
7 genes,0.00500095869759698,RP11-483E7.1 | NLRX1 | RP11-203J24.8 | AC131097.4 | CTB-32O4.2 | RP11-46H11.12 | GS1-115G20.1
7 genes,0.00180784901268261,RP11-483E7.1 | NLRX1 | RP11-203J24.8 | AC131097.4 | GTSE1 | NAV2 | RP11-46H11.12
7 genes,0.00310175765201604,RP11-483E7.1 | NLRX1 | RP11-203J24.8 | AC131097.4 | GTSE1 | NAV2 | GS1-115G20.1
7 genes,0.00163570993720785,RP11-483E7.1 | NLRX1 | RP11-203J24.8 | AC131097.4 | GTSE1 | RP11-46H11.12 | GS1-115G20.1
7 genes,0.0331996101593655,RP11-483E7.1 | NLRX1 | RP11-203J24.8 | AC131097.4 | NAV2 | RP11-46H11.12 | GS1-115G20.1
7 genes,0.000607544463567811,RP11-483E7.1 | NLRX1 | RP11-203J24.8 | CTB-32O4.2 | GTSE1 | NAV2 | RP11-46H11.12
7 genes,0.000297687120062173,RP11-483E7.1 | NLRX1 | RP11-203J24.8 | CTB-32O4.2 | GTSE1 | NAV2 | GS1-115G20.1
7 genes,0.0230903550737787,RP11-483E7.1 | NLRX1 | RP11-203J24.8 | CTB-32O4.2 | GTSE1 | RP11-46H11.12 | GS1-115G20.1
7 genes,0.000714963514443667,RP11-483E7.1 | NLRX1 | RP11-203J24.8 | CTB-32O4.2 | NAV2 | RP11-46H11.12 | GS1-115G20.1
7 genes,0.00240517461520773,RP11-483E7.1 | NLRX1 | RP11-203J24.8 | GTSE1 | NAV2 | RP11-46H11.12 | GS1-115G20.1
7 genes,0.000154584621337439,RP11-483E7.1 | NLRX1 | AC131097.4 | CTB-32O4.2 | GTSE1 | NAV2 | RP11-46H11.12
7 genes,0.000210974174476131,RP11-483E7.1 | NLRX1 | AC131097.4 | CTB-32O4.2 | GTSE1 | NAV2 | GS1-115G20.1
7 genes,0.00662297678037882,RP11-483E7.1 | NLRX1 | AC131097.4 | CTB-32O4.2 | GTSE1 | RP11-46H11.12 | GS1-115G20.1
7 genes,0.000130783377336519,RP11-483E7.1 | NLRX1 | AC131097.4 | CTB-32O4.2 | NAV2 | RP11-46H11.12 | GS1-115G20.1
7 genes,0.00265040839745956,RP11-483E7.1 | NLRX1 | AC131097.4 | GTSE1 | NAV2 | RP11-46H11.12 | GS1-115G20.1
7 genes,0.00507644659318318,RP11-483E7.1 | NLRX1 | CTB-32O4.2 | GTSE1 | NAV2 | RP11-46H11.12 | GS1-115G20.1
7 genes,8.36857580912564e-05,RP11-483E7.1 | RP11-203J24.8 | AC131097.4 | CTB-32O4.2 | GTSE1 | NAV2 | RP11-46H11.12
7 genes,1.86691932316796e-05,RP11-483E7.1 | RP11-203J24.8 | AC131097.4 | CTB-32O4.2 | GTSE1 | NAV2 | GS1-115G20.1
7 genes,0.000205393804318055,RP11-483E7.1 | RP11-203J24.8 | AC131097.4 | CTB-32O4.2 | GTSE1 | RP11-46H11.12 | GS1-115G20.1
7 genes,0.000142926303330015,RP11-483E7.1 | RP11-203J24.8 | AC131097.4 | CTB-32O4.2 | NAV2 | RP11-46H11.12 | GS1-115G20.1
7 genes,0.000984297638138565,RP11-483E7.1 | RP11-203J24.8 | AC131097.4 | GTSE1 | NAV2 | RP11-46H11.12 | GS1-115G20.1
7 genes,0.000199744255718226,RP11-483E7.1 | RP11-203J24.8 | CTB-32O4.2 | GTSE1 | NAV2 | RP11-46H11.12 | GS1-115G20.1
7 genes,0.000110634425088629,RP11-483E7.1 | AC131097.4 | CTB-32O4.2 | GTSE1 | NAV2 | RP11-46H11.12 | GS1-115G20.1
7 genes,0.00277418683214292,DSG1 | NLRX1 | RP11-203J24.8 | AC131097.4 | CTB-32O4.2 | GTSE1 | NAV2
7 genes,0.00779254275114005,DSG1 | NLRX1 | RP11-203J24.8 | AC131097.4 | CTB-32O4.2 | GTSE1 | RP11-46H11.12
7 genes,0.0081124035469563,DSG1 | NLRX1 | RP11-203J24.8 | AC131097.4 | CTB-32O4.2 | GTSE1 | GS1-115G20.1
7 genes,0.0020581532378684,DSG1 | NLRX1 | RP11-203J24.8 | AC131097.4 | CTB-32O4.2 | NAV2 | RP11-46H11.12
7 genes,0.000442329584983581,DSG1 | NLRX1 | RP11-203J24.8 | AC131097.4 | CTB-32O4.2 | NAV2 | GS1-115G20.1
7 genes,0.00680276561454596,DSG1 | NLRX1 | RP11-203J24.8 | AC131097.4 | CTB-32O4.2 | RP11-46H11.12 | GS1-115G20.1
7 genes,0.00901750832839576,DSG1 | NLRX1 | RP11-203J24.8 | AC131097.4 | GTSE1 | NAV2 | RP11-46H11.12
7 genes,0.0099319301534686,DSG1 | NLRX1 | RP11-203J24.8 | AC131097.4 | GTSE1 | NAV2 | GS1-115G20.1
7 genes,0.0555529260238993,DSG1 | NLRX1 | RP11-203J24.8 | AC131097.4 | GTSE1 | RP11-46H11.12 | GS1-115G20.1
7 genes,0.0080965819844111,DSG1 | NLRX1 | RP11-203J24.8 | AC131097.4 | NAV2 | RP11-46H11.12 | GS1-115G20.1
7 genes,0.00794065566337909,DSG1 | NLRX1 | RP11-203J24.8 | CTB-32O4.2 | GTSE1 | NAV2 | RP11-46H11.12
7 genes,0.00809192026815186,DSG1 | NLRX1 | RP11-203J24.8 | CTB-32O4.2 | GTSE1 | NAV2 | GS1-115G20.1
7 genes,0.0242264354559518,DSG1 | NLRX1 | RP11-203J24.8 | CTB-32O4.2 | GTSE1 | RP11-46H11.12 | GS1-115G20.1
7 genes,0.00878424277025558,DSG1 | NLRX1 | RP11-203J24.8 | CTB-32O4.2 | NAV2 | RP11-46H11.12 | GS1-115G20.1
7 genes,0.019095519154286,DSG1 | NLRX1 | RP11-203J24.8 | GTSE1 | NAV2 | RP11-46H11.12 | GS1-115G20.1
7 genes,0.00148175330378297,DSG1 | NLRX1 | AC131097.4 | CTB-32O4.2 | GTSE1 | NAV2 | RP11-46H11.12
7 genes,0.00103279653247834,DSG1 | NLRX1 | AC131097.4 | CTB-32O4.2 | GTSE1 | NAV2 | GS1-115G20.1
7 genes,0.000821836314683133,DSG1 | NLRX1 | AC131097.4 | CTB-32O4.2 | GTSE1 | RP11-46H11.12 | GS1-115G20.1
7 genes,0.00126698314574847,DSG1 | NLRX1 | AC131097.4 | CTB-32O4.2 | NAV2 | RP11-46H11.12 | GS1-115G20.1
7 genes,0.000554192914654084,DSG1 | NLRX1 | AC131097.4 | GTSE1 | NAV2 | RP11-46H11.12 | GS1-115G20.1
7 genes,0.0101992113658876,DSG1 | NLRX1 | CTB-32O4.2 | GTSE1 | NAV2 | RP11-46H11.12 | GS1-115G20.1
7 genes,0.000531090257273825,DSG1 | RP11-203J24.8 | AC131097.4 | CTB-32O4.2 | GTSE1 | NAV2 | RP11-46H11.12
7 genes,0.00135261987214574,DSG1 | RP11-203J24.8 | AC131097.4 | CTB-32O4.2 | GTSE1 | NAV2 | GS1-115G20.1
7 genes,0.00789720485207535,DSG1 | RP11-203J24.8 | AC131097.4 | CTB-32O4.2 | GTSE1 | RP11-46H11.12 | GS1-115G20.1
7 genes,0.00365838576430488,DSG1 | RP11-203J24.8 | AC131097.4 | CTB-32O4.2 | NAV2 | RP11-46H11.12 | GS1-115G20.1
7 genes,0.00964004706111854,DSG1 | RP11-203J24.8 | AC131097.4 | GTSE1 | NAV2 | RP11-46H11.12 | GS1-115G20.1
7 genes,0.00587822422462991,DSG1 | RP11-203J24.8 | CTB-32O4.2 | GTSE1 | NAV2 | RP11-46H11.12 | GS1-115G20.1
7 genes,0.0011733045693354,DSG1 | AC131097.4 | CTB-32O4.2 | GTSE1 | NAV2 | RP11-46H11.12 | GS1-115G20.1
7 genes,0.00197842388247615,NLRX1 | RP11-203J24.8 | AC131097.4 | CTB-32O4.2 | GTSE1 | NAV2 | RP11-46H11.12
7 genes,0.0016177631471378,NLRX1 | RP11-203J24.8 | AC131097.4 | CTB-32O4.2 | GTSE1 | NAV2 | GS1-115G20.1
7 genes,0.0223178332353923,NLRX1 | RP11-203J24.8 | AC131097.4 | CTB-32O4.2 | GTSE1 | RP11-46H11.12 | GS1-115G20.1
7 genes,0.00162928310502031,NLRX1 | RP11-203J24.8 | AC131097.4 | CTB-32O4.2 | NAV2 | RP11-46H11.12 | GS1-115G20.1
7 genes,0.00271536573652209,NLRX1 | RP11-203J24.8 | AC131097.4 | GTSE1 | NAV2 | RP11-46H11.12 | GS1-115G20.1
7 genes,0.00770948698163643,NLRX1 | RP11-203J24.8 | CTB-32O4.2 | GTSE1 | NAV2 | RP11-46H11.12 | GS1-115G20.1
7 genes,0.000629374475490274,NLRX1 | AC131097.4 | CTB-32O4.2 | GTSE1 | NAV2 | RP11-46H11.12 | GS1-115G20.1
7 genes,0.000320670703536474,RP11-203J24.8 | AC131097.4 | CTB-32O4.2 | GTSE1 | NAV2 | RP11-46H11.12 | GS1-115G20.1
8 genes,0.000995222683051966,RP11-483E7.1 | DSG1 | NLRX1 | RP11-203J24.8 | AC131097.4 | CTB-32O4.2 | GTSE1 | NAV2
8 genes,0.00336260696604251,RP11-483E7.1 | DSG1 | NLRX1 | RP11-203J24.8 | AC131097.4 | CTB-32O4.2 | GTSE1 | RP11-46H11.12
8 genes,0.00834730584912224,RP11-483E7.1 | DSG1 | NLRX1 | RP11-203J24.8 | AC131097.4 | CTB-32O4.2 | GTSE1 | GS1-115G20.1
8 genes,0.000809870005327396,RP11-483E7.1 | DSG1 | NLRX1 | RP11-203J24.8 | AC131097.4 | CTB-32O4.2 | NAV2 | RP11-46H11.12
8 genes,0.00059302470693845,RP11-483E7.1 | DSG1 | NLRX1 | RP11-203J24.8 | AC131097.4 | CTB-32O4.2 | NAV2 | GS1-115G20.1
8 genes,0.0108611729776109,RP11-483E7.1 | DSG1 | NLRX1 | RP11-203J24.8 | AC131097.4 | CTB-32O4.2 | RP11-46H11.12 | GS1-115G20.1
8 genes,0.00235348191174278,RP11-483E7.1 | DSG1 | NLRX1 | RP11-203J24.8 | AC131097.4 | GTSE1 | NAV2 | RP11-46H11.12
8 genes,0.00466245486149908,RP11-483E7.1 | DSG1 | NLRX1 | RP11-203J24.8 | AC131097.4 | GTSE1 | NAV2 | GS1-115G20.1
8 genes,0.00253288122128403,RP11-483E7.1 | DSG1 | NLRX1 | RP11-203J24.8 | AC131097.4 | GTSE1 | RP11-46H11.12 | GS1-115G20.1
8 genes,0.0715022182621979,RP11-483E7.1 | DSG1 | NLRX1 | RP11-203J24.8 | AC131097.4 | NAV2 | RP11-46H11.12 | GS1-115G20.1
8 genes,0.00107633297150134,RP11-483E7.1 | DSG1 | NLRX1 | RP11-203J24.8 | CTB-32O4.2 | GTSE1 | NAV2 | RP11-46H11.12
8 genes,0.000995222683051966,RP11-483E7.1 | DSG1 | NLRX1 | RP11-203J24.8 | CTB-32O4.2 | GTSE1 | NAV2 | GS1-115G20.1
8 genes,0.0118448747930304,RP11-483E7.1 | DSG1 | NLRX1 | RP11-203J24.8 | CTB-32O4.2 | GTSE1 | RP11-46H11.12 | GS1-115G20.1
8 genes,0.00493961842920942,RP11-483E7.1 | DSG1 | NLRX1 | RP11-203J24.8 | CTB-32O4.2 | NAV2 | RP11-46H11.12 | GS1-115G20.1
8 genes,0.0361200653195061,RP11-483E7.1 | DSG1 | NLRX1 | RP11-203J24.8 | GTSE1 | NAV2 | RP11-46H11.12 | GS1-115G20.1
8 genes,0.00166127233483959,RP11-483E7.1 | DSG1 | NLRX1 | AC131097.4 | CTB-32O4.2 | GTSE1 | NAV2 | RP11-46H11.12
8 genes,0.000383957930894741,RP11-483E7.1 | DSG1 | NLRX1 | AC131097.4 | CTB-32O4.2 | GTSE1 | NAV2 | GS1-115G20.1
8 genes,0.00297700865787032,RP11-483E7.1 | DSG1 | NLRX1 | AC131097.4 | CTB-32O4.2 | GTSE1 | RP11-46H11.12 | GS1-115G20.1
8 genes,0.00166127233483959,RP11-483E7.1 | DSG1 | NLRX1 | AC131097.4 | CTB-32O4.2 | NAV2 | RP11-46H11.12 | GS1-115G20.1
8 genes,0.00483470020976029,RP11-483E7.1 | DSG1 | NLRX1 | AC131097.4 | GTSE1 | NAV2 | RP11-46H11.12 | GS1-115G20.1
8 genes,0.0024352900203356,RP11-483E7.1 | DSG1 | NLRX1 | CTB-32O4.2 | GTSE1 | NAV2 | RP11-46H11.12 | GS1-115G20.1
8 genes,0.00108564675224476,RP11-483E7.1 | DSG1 | RP11-203J24.8 | AC131097.4 | CTB-32O4.2 | GTSE1 | NAV2 | RP11-46H11.12
8 genes,0.00133933571920697,RP11-483E7.1 | DSG1 | RP11-203J24.8 | AC131097.4 | CTB-32O4.2 | GTSE1 | NAV2 | GS1-115G20.1
8 genes,0.00115879688364573,RP11-483E7.1 | DSG1 | RP11-203J24.8 | AC131097.4 | CTB-32O4.2 | GTSE1 | RP11-46H11.12 | GS1-115G20.1
8 genes,0.00196902419642231,RP11-483E7.1 | DSG1 | RP11-203J24.8 | AC131097.4 | CTB-32O4.2 | NAV2 | RP11-46H11.12 | GS1-115G20.1
8 genes,0.0035539240802821,RP11-483E7.1 | DSG1 | RP11-203J24.8 | AC131097.4 | GTSE1 | NAV2 | RP11-46H11.12 | GS1-115G20.1
8 genes,0.000543497421777284,RP11-483E7.1 | DSG1 | RP11-203J24.8 | CTB-32O4.2 | GTSE1 | NAV2 | RP11-46H11.12 | GS1-115G20.1
8 genes,0.000147777101515145,RP11-483E7.1 | DSG1 | AC131097.4 | CTB-32O4.2 | GTSE1 | NAV2 | RP11-46H11.12 | GS1-115G20.1
8 genes,0.000526981445766128,RP11-483E7.1 | NLRX1 | RP11-203J24.8 | AC131097.4 | CTB-32O4.2 | GTSE1 | NAV2 | RP11-46H11.12
8 genes,8.00912713885271e-05,RP11-483E7.1 | NLRX1 | RP11-203J24.8 | AC131097.4 | CTB-32O4.2 | GTSE1 | NAV2 | GS1-115G20.1
8 genes,0.00649790482121748,RP11-483E7.1 | NLRX1 | RP11-203J24.8 | AC131097.4 | CTB-32O4.2 | GTSE1 | RP11-46H11.12 | GS1-115G20.1
8 genes,0.000628532856092656,RP11-483E7.1 | NLRX1 | RP11-203J24.8 | AC131097.4 | CTB-32O4.2 | NAV2 | RP11-46H11.12 | GS1-115G20.1
8 genes,0.0017561768593759,RP11-483E7.1 | NLRX1 | RP11-203J24.8 | AC131097.4 | GTSE1 | NAV2 | RP11-46H11.12 | GS1-115G20.1
8 genes,0.000607544463567811,RP11-483E7.1 | NLRX1 | RP11-203J24.8 | CTB-32O4.2 | GTSE1 | NAV2 | RP11-46H11.12 | GS1-115G20.1
8 genes,0.000154584621337439,RP11-483E7.1 | NLRX1 | AC131097.4 | CTB-32O4.2 | GTSE1 | NAV2 | RP11-46H11.12 | GS1-115G20.1
8 genes,0.000113640194272513,RP11-483E7.1 | RP11-203J24.8 | AC131097.4 | CTB-32O4.2 | GTSE1 | NAV2 | RP11-46H11.12 | GS1-115G20.1
8 genes,0.00198822787090958,DSG1 | NLRX1 | RP11-203J24.8 | AC131097.4 | CTB-32O4.2 | GTSE1 | NAV2 | RP11-46H11.12
8 genes,0.00259333360809932,DSG1 | NLRX1 | RP11-203J24.8 | AC131097.4 | CTB-32O4.2 | GTSE1 | NAV2 | GS1-115G20.1
8 genes,0.00752720523391071,DSG1 | NLRX1 | RP11-203J24.8 | AC131097.4 | CTB-32O4.2 | GTSE1 | RP11-46H11.12 | GS1-115G20.1
8 genes,0.0020581532378684,DSG1 | NLRX1 | RP11-203J24.8 | AC131097.4 | CTB-32O4.2 | NAV2 | RP11-46H11.12 | GS1-115G20.1
8 genes,0.00238552955213411,DSG1 | NLRX1 | RP11-203J24.8 | AC131097.4 | GTSE1 | NAV2 | RP11-46H11.12 | GS1-115G20.1
8 genes,0.00864803770862688,DSG1 | NLRX1 | RP11-203J24.8 | CTB-32O4.2 | GTSE1 | NAV2 | RP11-46H11.12 | GS1-115G20.1
8 genes,0.00151443484022895,DSG1 | NLRX1 | AC131097.4 | CTB-32O4.2 | GTSE1 | NAV2 | RP11-46H11.12 | GS1-115G20.1
8 genes,0.00064386752283041,DSG1 | RP11-203J24.8 | AC131097.4 | CTB-32O4.2 | GTSE1 | NAV2 | RP11-46H11.12 | GS1-115G20.1
8 genes,0.000879254846548494,NLRX1 | RP11-203J24.8 | AC131097.4 | CTB-32O4.2 | GTSE1 | NAV2 | RP11-46H11.12 | GS1-115G20.1
9 genes,0.00114620011927136,RP11-483E7.1 | DSG1 | NLRX1 | RP11-203J24.8 | AC131097.4 | CTB-32O4.2 | GTSE1 | NAV2 | RP11-46H11.12
9 genes,0.000560695140736645,RP11-483E7.1 | DSG1 | NLRX1 | RP11-203J24.8 | AC131097.4 | CTB-32O4.2 | GTSE1 | NAV2 | GS1-115G20.1
9 genes,0.010816837480392,RP11-483E7.1 | DSG1 | NLRX1 | RP11-203J24.8 | AC131097.4 | CTB-32O4.2 | GTSE1 | RP11-46H11.12 | GS1-115G20.1
9 genes,0.000544870863803837,RP11-483E7.1 | DSG1 | NLRX1 | RP11-203J24.8 | AC131097.4 | CTB-32O4.2 | NAV2 | RP11-46H11.12 | GS1-115G20.1
9 genes,0.00246791336495022,RP11-483E7.1 | DSG1 | NLRX1 | RP11-203J24.8 | AC131097.4 | GTSE1 | NAV2 | RP11-46H11.12 | GS1-115G20.1
9 genes,0.00126003736008096,RP11-483E7.1 | DSG1 | NLRX1 | RP11-203J24.8 | CTB-32O4.2 | GTSE1 | NAV2 | RP11-46H11.12 | GS1-115G20.1
9 genes,0.00166127233483959,RP11-483E7.1 | DSG1 | NLRX1 | AC131097.4 | CTB-32O4.2 | GTSE1 | NAV2 | RP11-46H11.12 | GS1-115G20.1
9 genes,0.000926688090765793,RP11-483E7.1 | DSG1 | RP11-203J24.8 | AC131097.4 | CTB-32O4.2 | GTSE1 | NAV2 | RP11-46H11.12 | GS1-115G20.1
9 genes,2.55318193262966e-05,RP11-483E7.1 | NLRX1 | RP11-203J24.8 | AC131097.4 | CTB-32O4.2 | GTSE1 | NAV2 | RP11-46H11.12 | GS1-115G20.1
9 genes,0.00206474663658851,DSG1 | NLRX1 | RP11-203J24.8 | AC131097.4 | CTB-32O4.2 | GTSE1 | NAV2 | RP11-46H11.12 | GS1-115G20.1
10 genes,0.000543295978033043,RP11-483E7.1 | DSG1 | NLRX1 | RP11-203J24.8 | AC131097.4 | CTB-32O4.2 | GTSE1 | NAV2 | RP11-46H11.12 | GS1-115G20.1
